,binary bipolar predictions,ground truths (tx),linear predictions
0,-1,-1.0,-0.99868125
1,-1,-1.0,-0.98644954
2,1,1.0,0.92023677
3,-1,-1.0,-0.98468906
4,-1,-1.0,-0.9536026
5,-1,-1.0,-0.971513
6,1,1.0,1.0055648
7,1,1.0,1.0236764
8,1,1.0,1.0365335
9,1,1.0,1.0419816
10,1,1.0,1.0589811
11,-1,-1.0,-0.97675806
12,-1,-1.0,-0.9498425
13,-1,-1.0,-0.97449905
14,1,1.0,0.9546798
15,-1,-1.0,-1.0217186
16,-1,-1.0,-0.952184
17,-1,-1.0,-0.9629968
18,1,1.0,1.022525
19,1,1.0,1.084356
20,1,1.0,1.0265644
21,-1,-1.0,-1.1418437
22,-1,-1.0,-0.97963005
23,-1,-1.0,-0.94052035
24,-1,-1.0,-0.9863574
25,1,1.0,1.0447387
26,1,1.0,1.0092514
27,1,1.0,0.9798583
28,1,1.0,1.0844429
29,-1,-1.0,-1.0731649
30,-1,-1.0,-1.1189723
31,1,1.0,1.0410069
32,1,1.0,1.0321852
33,1,1.0,1.028319
34,1,1.0,0.98993486
35,-1,-1.0,-0.8715566
36,-1,-1.0,-0.9713872
37,-1,-1.0,-0.91948587
38,-1,-1.0,-0.9154301
39,-1,-1.0,-0.91251045
40,-1,-1.0,-0.9282897
41,-1,-1.0,-0.9606306
42,1,1.0,0.9973519
43,1,1.0,0.98654675
44,1,1.0,1.0823886
45,1,1.0,1.0682275
46,1,1.0,1.0681862
47,-1,-1.0,-1.0207443
48,-1,-1.0,-0.9509292
49,-1,-1.0,-0.9389418
50,-1,-1.0,-0.9853726
51,1,1.0,0.9997763
52,1,1.0,0.98291576
53,-1,-1.0,-1.0083723
54,1,1.0,0.9137446
55,-1,-1.0,-1.0007917
56,-1,-1.0,-0.99486655
57,1,1.0,0.9868179
58,1,1.0,0.99891233
59,1,1.0,0.99808425
60,1,1.0,1.0375718
61,-1,-1.0,-1.0034105
62,1,1.0,0.9736267
63,1,1.0,0.9812676
64,1,1.0,1.0400548
65,-1,-1.0,-0.87772113
66,-1,-1.0,-0.9699262
67,-1,-1.0,-0.912715
68,-1,-1.0,-0.9171749
69,-1,-1.0,-0.9315532
70,-1,-1.0,-1.0460469
71,1,1.0,0.9732031
72,1,1.0,0.96989447
73,-1,-1.0,-0.932367
74,-1,-1.0,-0.9701814
75,1,1.0,0.92372316
76,-1,-1.0,-1.0038302
77,1,1.0,1.024181
78,1,1.0,1.0541842
79,1,1.0,1.0323186
80,1,1.0,1.0698148
81,-1,-1.0,-0.9796606
82,-1,-1.0,-1.0408332
83,1,1.0,1.1054503
84,-1,-1.0,-1.0038286
85,-1,-1.0,-0.95618397
86,-1,-1.0,-0.95990056
87,1,1.0,0.9937805
88,1,1.0,1.0517386
89,1,1.0,1.053548
90,1,1.0,1.0252281
91,1,1.0,1.0560118
92,1,1.0,1.0611796
93,1,1.0,1.0625865
94,1,1.0,1.0116625
95,-1,-1.0,-0.7980438
96,-1,-1.0,-0.9310568
97,-1,-1.0,-0.92126137
98,-1,-1.0,-0.924023
99,-1,-1.0,-0.9165321
100,-1,-1.0,-0.9092844
101,-1,-1.0,-0.91449505
102,-1,-1.0,-0.9281245
103,-1,-1.0,-0.9579373
104,1,1.0,0.94189966
105,-1,-1.0,-0.974382
106,-1,-1.0,-1.161478
107,1,1.0,0.966707
108,1,1.0,0.979125
109,-1,-1.0,-0.96829695
110,1,1.0,1.0111216
111,1,1.0,1.0228814
112,1,1.0,1.0652925
113,1,1.0,1.0708934
114,-1,-1.0,-0.96589166
115,1,1.0,0.7334166
116,-1,-1.0,-0.955507
117,-1,-1.0,-0.95569164
118,-1,-1.0,-0.97386867
119,1,1.0,0.93327224
120,-1,-1.0,-1.037871
121,1,1.0,0.90565926
122,-1,-1.0,-0.982112
123,-1,-1.0,-0.9442356
124,-1,-1.0,-0.96930593
125,1,1.0,0.93295723
126,-1,-1.0,-1.0372581
127,1,1.0,0.9215933
128,-1,-1.0,-0.976739
129,-1,-1.0,-0.9450105
130,-1,-1.0,-0.98246676
131,1,1.0,0.97369057
132,1,1.0,1.0012953
133,-1,-1.0,-1.0391436
134,-1,-1.0,-1.0937588
135,1,1.0,0.9683844
136,1,1.0,0.9919722
137,-1,-1.0,-0.941968
138,-1,-1.0,-0.93527037
139,-1,-1.0,-0.9110599
140,-1,-1.0,-0.93693167
141,-1,-1.0,-0.966893
142,1,1.0,1.0153219
143,1,1.0,1.022041
144,-1,-1.0,-0.96923906
145,-1,-1.0,-0.9302383
146,-1,-1.0,-0.93072563
147,-1,-1.0,-0.96968466
148,1,1.0,0.97198313
149,-1,-1.0,-1.1547061
150,1,1.0,1.011789
151,1,1.0,1.0525295
152,1,1.0,1.058959
153,1,1.0,1.065816
154,-1,-1.0,-0.98758775
155,1,1.0,1.0050364
156,1,1.0,1.0158626
157,-1,-1.0,-1.0791554
158,-1,-1.0,-0.9845124
159,1,1.0,1.0278791
160,-1,-1.0,-1.0149887
161,-1,-1.0,-0.9987202
162,1,1.0,0.97944254
163,1,1.0,0.9869706
164,1,1.0,1.0176154
165,1,1.0,1.057004
166,1,1.0,1.0189617
167,-1,-1.0,-1.0331831
168,1,1.0,0.684399
169,-1,-1.0,-0.9464479
170,-1,-1.0,-0.95223075
171,-1,-1.0,-0.97777086
172,1,1.0,1.0117297
173,1,1.0,1.0573449
174,1,1.0,1.0033581
175,1,1.0,1.037122
176,1,1.0,0.90192455
177,-1,-1.0,-0.9719649
178,-1,-1.0,-1.001587
179,1,1.0,0.6877982
180,-1,-1.0,-0.9895745
181,-1,-1.0,-0.9878283
182,1,1.0,0.9637667
183,-1,-1.0,-0.7253449
184,1,1.0,1.0254205
185,-1,-1.0,-0.9732302
186,-1,-1.0,-0.9443837
187,-1,-1.0,-0.9693162
188,1,1.0,0.92911303
189,-1,-1.0,-1.0401351
190,1,1.0,0.96629643
191,1,1.0,0.99384177
192,-1,-1.0,-0.86680764
193,1,1.0,0.98315805
194,1,1.0,1.0199525
195,-1,-1.0,-0.9973574
196,-1,-1.0,-0.9380987
197,-1,-1.0,-0.91498286
198,-1,-1.0,-0.9355779
199,-1,-1.0,-1.0589532
200,1,1.0,0.98375416
201,1,1.0,0.98313946
202,1,1.0,1.0772725
203,-1,-1.0,-1.1240025
204,-1,-1.0,-1.0338068
205,1,1.0,1.0995249
206,-1,-1.0,-0.95421606
207,-1,-1.0,-0.9529844
208,-1,-1.0,-0.9121128
209,-1,-1.0,-0.9359532
210,-1,-1.0,-0.97305745
211,1,1.0,0.98088396
212,1,1.0,0.9280323
213,-1,-1.0,-1.1342993
214,1,1.0,0.976868
215,1,1.0,1.0647557
216,1,1.0,1.0687927
217,1,1.0,1.058362
218,1,1.0,1.0500653
219,1,1.0,1.0578114
220,1,1.0,1.2778208
221,-1,-1.0,-0.9396661
222,1,1.0,0.11326432
223,-1,-1.0,-1.103814
224,1,1.0,0.9957207
225,1,1.0,0.916599
226,-1,-1.0,-0.8749016
227,1,1.0,0.6276466
228,-1,-1.0,-0.97978264
229,-1,-1.0,-0.9316216
230,-1,-1.0,-0.92914563
231,-1,-1.0,-1.0274458
232,1,1.0,0.9474451
233,-1,-1.0,-0.9525803
234,1,1.0,0.97718304
235,1,1.0,1.0391209
236,-1,-1.0,-0.8920154
237,-1,-1.0,-0.93664056
238,-1,-1.0,-0.9407807
239,-1,-1.0,-0.9810595
240,1,1.0,0.9168054
241,-1,-1.0,-1.0123459
242,-1,-1.0,-0.94093496
243,-1,-1.0,-0.9287012
244,-1,-1.0,-0.9173661
245,1,1.0,0.9601322
246,1,1.0,0.9659245
247,1,1.0,1.0835643
248,1,1.0,1.0366577
249,-1,-1.0,-1.1818941
250,1,1.0,0.97816485
251,-1,1.0,-0.04615976
252,-1,-1.0,-0.96978945
253,-1,1.0,-0.60568714
254,-1,-1.0,-0.061450228
255,-1,1.0,-0.4884351
256,-1,-1.0,-1.0577477
257,1,1.0,1.0080354
258,1,1.0,0.9289555
259,-1,-1.0,-0.9160448
260,-1,-1.0,-0.9415589
261,-1,-1.0,-0.9699401
262,1,1.0,1.0175875
263,1,1.0,1.0530932
264,-1,-1.0,-0.9647909
265,-1,-1.0,-0.90804464
266,1,1.0,0.9340017
267,-1,-1.0,-1.0545413
268,1,1.0,1.0042697
269,1,1.0,0.97006863
270,-1,-1.0,-0.9598034
271,-1,-1.0,-0.9890916
272,1,1.0,0.97322774
273,-1,-1.0,-0.9939564
274,-1,-1.0,-0.9874502
275,1,1.0,0.9237737
276,-1,-1.0,-0.97770697
277,-1,-1.0,-0.9570671
278,-1,-1.0,-0.97676486
279,1,1.0,0.9850038
280,1,1.0,1.0034772
281,-1,-1.0,-0.9758633
282,-1,-1.0,-0.95061094
283,-1,-1.0,-0.9709
284,1,1.0,0.87519217
285,-1,-1.0,-0.9931045
286,-1,-1.0,-0.95568854
287,-1,-1.0,-0.96648496
288,1,1.0,0.94848776
289,-1,-1.0,-1.0325193
290,-1,-1.0,-0.9506398
291,-1,-1.0,-0.9492443
292,1,1.0,0.98443526
293,1,1.0,1.0196079
294,-1,-1.0,-0.96706027
295,-1,-1.0,-1.0351472
296,1,1.0,1.0042441
297,1,1.0,1.0268523
298,-1,-1.0,-0.9430385
299,-1,-1.0,-0.9428747
300,-1,-1.0,-0.9134956
301,-1,-1.0,-0.9294849
302,-1,-1.0,-1.0105168
303,1,1.0,1.0029353
304,1,1.0,1.0603541
305,1,1.0,1.0188689
306,-1,-1.0,-1.1692094
307,-1,-1.0,-1.0417542
308,1,1.0,1.0217469
309,1,1.0,0.99393183
310,1,1.0,0.9826903
311,1,1.0,1.0637932
312,-1,-1.0,-1.0377244
313,1,1.0,0.42616802
314,-1,-1.0,-1.2406707
315,1,1.0,0.99881107
316,1,1.0,0.97905916
317,-1,-1.0,-0.89541966
318,1,1.0,0.4145862
319,-1,-1.0,-0.98904485
320,-1,-1.0,-0.98855525
321,1,1.0,0.97121686
322,1,1.0,1.013638
323,-1,-1.0,-1.0812415
324,-1,-1.0,-0.955298
325,-1,-1.0,-0.968622
326,1,1.0,0.8913948
327,-1,-1.0,-1.0495644
328,1,1.0,1.0095452
329,1,1.0,1.0334308
330,1,1.0,1.031562
331,1,1.0,0.9528634
332,-1,-1.0,-0.9715169
333,-1,-1.0,-1.025488
334,1,1.0,1.0004369
335,1,1.0,1.0416594
336,1,1.0,0.9974357
337,-1,-1.0,-0.9756482
338,1,1.0,0.8450768
339,1,1.0,1.0244601
340,-1,-1.0,-1.1610969
341,-1,-1.0,-0.9873747
342,1,1.0,0.97554713
343,-1,-1.0,-1.0099543
344,-1,-1.0,-0.9556919
345,-1,-1.0,-0.95588225
346,1,1.0,0.97490454
347,-1,-1.0,-0.9941676
348,-1,-1.0,-0.9456578
349,-1,-1.0,-0.92718464
350,-1,-1.0,-0.9696321
351,1,1.0,0.9451879
352,-1,-1.0,-1.0169032
353,-1,-1.0,-0.9892512
354,1,1.0,1.0250313
355,1,1.0,1.0361272
356,1,1.0,1.0462013
357,-1,-1.0,-1.0616169
358,-1,-1.0,-0.9981404
359,-1,-1.0,-0.9804924
360,1,1.0,0.9581347
361,1,1.0,0.986191
362,1,1.0,1.0303706
363,-1,-1.0,-1.0607941
364,1,1.0,0.8849726
365,-1,-1.0,-1.3260093
366,1,1.0,1.0328925
367,1,1.0,0.9647781
368,1,1.0,1.0414273
369,-1,-1.0,-0.98202306
370,1,1.0,0.8518258
371,-1,-1.0,-0.97849995
372,-1,-1.0,-0.98504823
373,1,1.0,0.89569765
374,-1,-1.0,-1.0333018
375,1,1.0,1.0720353
376,-1,-1.0,-0.9905898
377,-1,-1.0,-0.97447604
378,1,1.0,0.8983273
379,-1,-1.0,-0.99178976
380,-1,-1.0,-0.9547902
381,-1,-1.0,-0.96126205
382,1,1.0,0.9755216
383,-1,-1.0,-1.0234613
384,-1,-1.0,-0.99020857
385,1,1.0,1.0316298
386,1,1.0,1.0892415
387,1,1.0,1.0174636
388,-1,-1.0,-1.0459061
389,-1,-1.0,-0.988267
390,-1,-1.0,-0.9244767
391,-1,-1.0,-0.92252165
392,-1,-1.0,-0.9165953
393,-1,-1.0,-0.9152284
394,-1,-1.0,-0.91679317
395,-1,-1.0,-0.9265538
396,-1,-1.0,-1.010367
397,1,1.0,0.95122665
398,-1,-1.0,-1.0075982
399,-1,-1.0,-0.9828419
400,1,1.0,0.9007059
401,-1,-1.0,-0.8270876
402,-1,-1.0,-0.98907393
403,1,1.0,0.9098577
404,-1,-1.0,-1.020744
405,1,1.0,0.5943389
406,-1,-1.0,-1.0301466
407,1,1.0,1.0017412
408,1,1.0,1.0456388
409,-1,-1.0,-1.067067
410,1,1.0,1.0255365
411,1,1.0,1.0062941
412,1,1.0,1.0311403
413,1,1.0,1.0635746
414,-1,-1.0,-0.8780182
415,-1,-1.0,-0.9746972
416,-1,-1.0,-0.9244965
417,-1,-1.0,-0.9180427
418,-1,-1.0,-0.91620404
419,-1,-1.0,-0.91745645
420,-1,-1.0,-0.9337562
421,-1,-1.0,-0.9644256
422,1,1.0,0.8996617
423,-1,-1.0,-0.8632384
424,1,1.0,0.9884113
425,1,1.0,1.005254
426,1,1.0,1.0681386
427,1,1.0,1.0815244
428,1,1.0,1.0082844
429,-1,-1.0,-1.0616611
430,1,1.0,0.3448493
431,-1,-1.0,-0.9335063
432,-1,-1.0,-0.9532171
433,-1,-1.0,-0.9794944
434,1,1.0,1.0236405
435,1,1.0,1.080364
436,1,1.0,1.0551825
437,1,1.0,1.0312787
438,-1,-1.0,-1.0157688
439,-1,-1.0,-0.9858287
440,-1,-1.0,-0.9168034
441,-1,-1.0,-0.92184526
442,-1,-1.0,-0.924578
443,-1,-1.0,-0.9142223
444,-1,-1.0,-0.925129
445,-1,-1.0,-0.96286255
446,1,1.0,1.0267922
447,1,1.0,1.0370902
448,1,1.0,1.0428288
449,-1,-1.0,-1.2254736
450,1,1.0,1.0707152
451,-1,-1.0,-0.97089356
452,-1,-1.0,-0.9818867
453,1,1.0,0.7843743
454,-1,-1.0,-1.013843
455,1,1.0,1.0163451
456,1,1.0,0.9687681
457,-1,-1.0,-1.0561796
458,1,1.0,1.0036377
459,1,1.0,0.94170624
460,-1,-1.0,-1.0564328
461,1,1.0,0.9564305
462,1,1.0,0.9279964
463,-1,-1.0,-1.0162371
464,-1,-1.0,-0.9417861
465,-1,-1.0,-0.91715366
466,-1,-1.0,-0.922062
467,-1,-1.0,-0.91205055
468,-1,-1.0,-0.9143401
469,-1,-1.0,-0.91925603
470,-1,-1.0,-0.9183691
471,-1,-1.0,-0.9266332
472,-1,-1.0,-0.9815838
473,1,1.0,1.0041286
474,1,1.0,1.0196885
475,1,1.0,1.1200781
476,1,1.0,1.0145308
477,-1,-1.0,-1.0910939
478,-1,-1.0,-0.9559055
479,-1,-1.0,-0.9405828
480,-1,-1.0,-0.97969
481,1,1.0,0.96745175
482,-1,-1.0,-1.0003365
483,-1,-1.0,-0.9837131
484,1,1.0,0.8658671
485,-1,-1.0,-0.97090346
486,1,1.0,0.9690843
487,1,1.0,1.011506
488,-1,-1.0,-1.025547
489,-1,-1.0,-0.94163257
490,-1,-1.0,-0.91720825
491,-1,-1.0,-0.9364851
492,-1,-1.0,-0.97074133
493,1,1.0,0.96460897
494,-1,-1.0,-1.0224832
495,-1,-1.0,-0.9802523
496,1,1.0,0.82702166
497,-1,-1.0,-1.0610491
498,1,1.0,0.9901113
499,1,1.0,1.0141716
500,-1,-1.0,-1.0210418
501,-1,-1.0,-1.0172032
502,1,1.0,1.0025791
503,1,1.0,0.982668
504,1,1.0,1.0153602
505,1,1.0,1.0721227
506,-1,-1.0,-0.9454394
507,-1,-1.0,-1.006716
508,-1,-1.0,-0.9635026
509,1,1.0,0.90007395
510,-1,-1.0,-1.0239701
511,-1,-1.0,-0.9905965
512,1,1.0,1.0065914
513,1,1.0,0.9720568
514,-1,-1.0,-1.0702847
515,-1,-1.0,-0.96472114
516,1,1.0,1.0034682
517,1,1.0,1.0333154
518,1,1.0,0.99760586
519,1,1.0,1.3647366
520,-1,-1.0,-0.9119589
521,1,1.0,0.4940787
522,-1,-1.0,-0.87420255
523,1,1.0,1.0143707
524,1,1.0,0.9873052
525,1,1.0,1.0568757
526,-1,-1.0,-0.8868881
527,-1,-1.0,-0.99595696
528,-1,-1.0,-0.9736052
529,1,1.0,0.9124022
530,-1,-1.0,-1.034317
531,1,1.0,1.1662045
532,1,1.0,1.0096198
533,-1,-1.0,-0.8696385
534,1,1.0,0.8726163
535,-1,-1.0,-0.96683055
536,-1,-1.0,-0.9479204
537,-1,-1.0,-0.9852002
538,1,1.0,0.99018556
539,1,1.0,0.9889445
540,1,1.0,0.88679767
541,-1,-1.0,-1.1099162
542,-1,-1.0,-1.0066955
543,-1,-1.0,-0.98404664
544,1,1.0,1.0417416
545,1,1.0,1.0427959
546,-1,-1.0,-0.9664617
547,-1,-1.0,-0.94716007
548,-1,-1.0,-0.9703494
549,1,1.0,0.919479
550,-1,-1.0,-1.0117662
551,-1,-1.0,-0.9423621
552,-1,-1.0,-0.9120732
553,-1,-1.0,-0.91940695
554,-1,-1.0,-0.91534406
555,-1,-1.0,-0.91279227
556,-1,-1.0,-0.9276965
557,-1,-1.0,-0.96465427
558,1,1.0,0.9679098
559,-1,-1.0,-1.0452586
560,1,1.0,1.0008348
561,1,1.0,0.9759676
562,1,1.0,1.0490005
563,-1,-1.0,-1.0912848
564,1,1.0,0.8182457
565,-1,-1.0,-1.2203428
566,1,1.0,1.0362121
567,1,1.0,0.9655518
568,1,1.0,1.0378172
569,-1,-1.0,-0.9350895
570,-1,-1.0,-1.0619605
571,1,1.0,1.0108098
572,1,1.0,1.0078897
573,1,1.0,1.0202352
574,-1,-1.0,-0.8734041
575,-1,-1.0,-1.04268
576,1,1.0,1.0079151
577,-1,-1.0,-0.9317251
578,1,1.0,1.0029316
579,1,1.0,1.0340921
580,1,1.0,1.0161823
581,1,1.0,1.0644544
582,-1,-1.0,-0.99222356
583,1,1.0,0.9806264
584,1,1.0,0.9823078
585,1,1.0,1.0339878
586,-1,-1.0,-0.8661099
587,-1,-1.0,-1.0237828
588,1,1.0,1.0074036
589,-1,-1.0,-0.98430556
590,-1,-1.0,-0.9907673
591,1,1.0,0.9228956
592,-1,-1.0,-0.9794027
593,-1,-1.0,-0.9807282
594,1,1.0,1.04496
595,-1,-1.0,-1.0223129
596,1,1.0,0.9349662
597,1,1.0,1.0273951
598,-1,-1.0,-1.0243962
599,-1,-1.0,-0.9464794
600,-1,-1.0,-0.9047795
601,-1,-1.0,-0.9181648
602,-1,-1.0,-0.94170433
603,-1,-1.0,-0.9810453
604,1,1.0,0.929186
605,-1,-1.0,-0.9854376
606,-1,-1.0,-0.75743383
607,1,1.0,0.947493
608,1,1.0,0.9482042
609,-1,-1.0,-0.9426698
610,-1,-1.0,-0.9309493
611,-1,-1.0,-0.9404498
612,-1,-1.0,-0.99264604
613,1,1.0,1.0021656
614,1,1.0,0.98251355
615,-1,-1.0,-1.1038802
616,-1,-1.0,-1.2488943
617,1,1.0,0.94645524
618,1,1.0,0.9961142
619,-1,-1.0,-0.9337267
620,1,1.0,0.60826325
621,-1,-1.0,-0.99803
622,-1,-1.0,-0.9941005
623,1,1.0,0.9344241
624,1,1.0,0.9410209
625,-1,-1.0,-1.0729733
626,-1,-1.0,-1.008529
627,1,1.0,1.00877
628,1,1.0,1.00452
629,1,1.0,1.0640428
630,-1,-1.0,-0.939493
631,-1,-1.0,-1.0648682
632,1,1.0,1.0130599
633,1,1.0,1.0253922
634,1,1.0,1.0128496
635,1,1.0,1.0309587
636,-1,-1.0,-1.0257986
637,1,1.0,0.33957952
638,-1,-1.0,-1.2958463
639,1,1.0,0.9925373
640,1,1.0,0.94090366
641,1,1.0,1.0094208
642,1,1.0,1.0313637
643,1,1.0,0.8892957
644,-1,-1.0,-0.901728
645,-1,-1.0,-0.9769593
646,-1,-1.0,-0.9851044
647,1,1.0,1.0240391
648,1,1.0,0.9867576
649,-1,-1.0,-0.9924961
650,-1,-1.0,-0.93777996
651,-1,-1.0,-0.9101539
652,-1,-1.0,-0.93373376
653,-1,-1.0,-1.0575635
654,1,1.0,0.98068583
655,1,1.0,0.97636145
656,1,1.0,1.0687757
657,-1,-1.0,-1.1261485
658,-1,-1.0,-1.007323
659,1,1.0,1.0858516
660,-1,-1.0,-0.94839555
661,-1,-1.0,-0.9480391
662,-1,-1.0,-0.91742307
663,-1,-1.0,-0.9723986
664,1,1.0,1.0062376
665,-1,-1.0,-1.0158625
666,-1,-1.0,-0.9379268
667,-1,-1.0,-0.9248236
668,-1,-1.0,-0.97235495
669,1,1.0,0.9640279
670,-1,-1.0,-1.06813
671,1,1.0,0.8550214
672,-1,-1.0,-1.0890594
673,1,1.0,0.99260265
674,1,1.0,1.0081813
675,1,1.0,1.0616063
676,1,1.0,1.0675725
677,1,1.0,1.070444
678,1,1.0,0.9959913
679,-1,-1.0,-0.94057876
680,1,1.0,0.94814616
681,1,1.0,0.98249906
682,-1,-1.0,-1.0869348
683,-1,-1.0,-0.9558678
684,-1,-1.0,-0.9840719
685,1,1.0,0.96945363
686,1,1.0,0.9824542
687,-1,-1.0,-1.0170476
688,-1,-1.0,-0.9472502
689,-1,-1.0,-0.9831398
690,1,1.0,0.96763885
691,1,1.0,0.99475163
692,-1,-1.0,-1.0146459
693,-1,-1.0,-0.93563586
694,-1,-1.0,-0.92831236
695,-1,-1.0,-0.9812377
696,1,1.0,0.97248805
697,-1,-1.0,-0.9726594
698,1,1.0,0.82434887
699,1,1.0,0.9583035
700,-1,-1.0,-1.0447428
701,-1,-1.0,-1.0064749
702,1,1.0,0.9975877
703,1,1.0,1.0258482
704,1,1.0,1.0117458
705,-1,-1.0,-0.9382778
706,-1,-1.0,-0.9950934
707,-1,-1.0,-0.9353748
708,-1,-1.0,-0.969858
709,1,1.0,0.97684944
710,-1,-1.0,-1.0200841
711,-1,-1.0,-0.95385414
712,-1,-1.0,-0.9466925
713,1,1.0,0.9905245
714,1,1.0,1.038451
715,1,1.0,1.0486511
716,1,1.0,1.0084239
717,-1,-1.0,-1.1333085
718,1,1.0,0.59832436
719,-1,-1.0,-1.0051098
720,1,1.0,1.0090432
721,1,1.0,0.9780043
722,1,1.0,1.0042558
723,-1,-1.0,-0.7172908
724,1,1.0,0.20875874
725,-1,-1.0,-1.0441587
726,1,1.0,0.46039975
727,1,-1.0,0.25734073
728,-1,1.0,-0.5326608
729,1,-1.0,0.058929846
730,1,1.0,0.9830035
731,-1,-1.0,-0.98419183
732,-1,-1.0,-0.9830627
733,1,1.0,0.901714
734,-1,-1.0,-0.9932329
735,-1,-1.0,-0.94449574
736,-1,-1.0,-0.90819556
737,-1,-1.0,-0.91991335
738,-1,-1.0,-0.9391857
739,-1,-1.0,-0.9771424
740,1,1.0,1.0294083
741,1,1.0,1.0499631
742,1,1.0,1.0068179
743,-1,-1.0,-1.2237988
744,-1,-1.0,-1.0340133
745,-1,-1.0,-0.97751445
746,1,1.0,0.8747889
747,-1,-1.0,-1.0359128
748,-1,-1.0,-0.98938495
749,1,1.0,1.0067344
750,-1,-1.0,-1.0488954
751,1,1.0,1.0198019
752,1,1.0,0.9895689
753,-1,-1.0,-1.0425875
754,-1,-1.0,-0.9379073
755,-1,-1.0,-0.9307769
756,-1,-1.0,-1.0361173
757,1,1.0,0.9648381
758,1,1.0,0.9766447
759,1,1.0,1.0149004
760,-1,-1.0,-1.0806642
761,1,1.0,0.9662596
762,1,1.0,1.0017886
763,-1,-1.0,-0.95458585
764,1,1.0,0.62553895
765,-1,-1.0,-1.1876789
766,1,1.0,1.0539672
767,1,1.0,0.9989057
768,1,1.0,0.98742247
769,-1,-1.0,-0.8679212
770,1,1.0,0.97140324
771,1,1.0,0.99236757
772,1,1.0,0.9811083
773,-1,-1.0,-0.8500349
774,-1,-1.0,-0.95906883
775,-1,-1.0,-0.983234
776,1,1.0,0.9886479
777,1,1.0,1.0094255
778,1,1.0,1.035254
779,-1,-1.0,-0.9617992
780,1,1.0,1.0516267
781,1,1.0,0.97778434
782,1,1.0,1.0474775
783,1,1.0,1.0489757
784,1,1.0,1.0219676
785,1,1.0,1.028549
786,-1,-1.0,-0.85868925
787,-1,-1.0,-0.96605784
788,-1,-1.0,-0.97176427
789,1,1.0,0.9147678
790,-1,-1.0,-1.0616739
791,1,1.0,1.0133373
792,1,1.0,1.0618573
793,1,1.0,1.006769
794,-1,-1.0,-0.93964416
795,-1,-1.0,-1.0409826
796,1,1.0,0.97199875
797,1,1.0,0.98245764
798,-1,-1.0,-1.0596263
799,1,1.0,0.9788904
800,1,1.0,0.99336594
801,-1,-1.0,-0.99233574
802,1,1.0,0.94070804
803,1,1.0,0.94077104
804,-1,-1.0,-0.9384207
805,1,1.0,0.95393485
806,1,1.0,0.9671793
807,-1,-1.0,-1.0387309
808,-1,-1.0,-0.9946888
809,1,1.0,0.9545117
810,-1,-1.0,-1.0233531
811,1,1.0,1.0189906
812,1,1.0,1.0539263
813,1,1.0,1.0242605
814,-1,-1.0,-0.9168716
815,-1,-1.0,-1.0274637
816,1,1.0,1.0137182
817,1,1.0,0.9424442
818,-1,-1.0,-1.1387075
819,1,1.0,0.79313916
820,1,1.0,0.9439159
821,-1,-1.0,-0.9416546
822,1,1.0,0.27089334
823,-1,-1.0,-1.0989819
824,1,1.0,1.037328
825,1,1.0,0.9950745
826,1,1.0,1.0245495
827,-1,-1.0,-0.76484114
828,-1,-1.0,-0.96251255
829,-1,-1.0,-0.916709
830,-1,-1.0,-0.9264386
831,-1,-1.0,-0.9682775
832,1,1.0,1.029973
833,1,1.0,0.99734116
834,-1,-1.0,-1.0975509
835,-1,-1.0,-1.3469962
836,1,1.0,0.7214877
837,1,1.0,0.9177914
838,-1,-1.0,-0.47644418
839,-1,-1.0,-0.9896868
840,1,1.0,1.01652
841,-1,-1.0,-0.99802893
842,-1,-1.0,-0.9913532
843,1,1.0,1.035441
844,1,1.0,0.9357721
845,-1,-1.0,-0.1876985
846,1,1.0,0.99712825
847,1,1.0,1.0189906
848,1,1.0,1.0267918
849,-1,-1.0,-0.9281638
850,1,1.0,0.8304657
851,-1,-1.0,-0.97834665
852,-1,-1.0,-0.95350176
853,-1,-1.0,-0.970213
854,1,1.0,0.96689165
855,1,1.0,0.94631785
856,-1,-1.0,-0.9723335
857,1,1.0,0.6880501
858,-1,-1.0,-0.77202433
859,1,1.0,0.98170394
860,1,1.0,0.99546117
861,1,1.0,1.0590384
862,-1,-1.0,-0.93520933
863,1,1.0,1.0633383
864,1,1.0,0.97037804
865,1,1.0,1.04696
866,-1,-1.0,-0.88840634
867,1,1.0,1.0185487
868,1,1.0,0.916228
869,-1,-1.0,-0.90894824
870,1,1.0,0.7519956
871,1,1.0,0.7205898
872,-1,-1.0,-0.9976433
873,-1,-1.0,-0.9970998
874,1,1.0,1.0315789
875,1,1.0,0.9700088
876,-1,-1.0,-1.0939512
877,1,1.0,0.7497004
878,-1,-1.0,-0.9569922
879,-1,-1.0,-0.9478362
880,-1,-1.0,-0.97493726
881,1,1.0,1.0233947
882,1,1.0,1.004821
883,-1,-1.0,-1.0094093
884,1,1.0,1.0350759
885,1,1.0,1.0386149
886,1,1.0,1.0414132
887,1,1.0,1.0723349
888,1,1.0,1.0544939
889,1,1.0,1.0609124
890,-1,-1.0,-0.85051924
891,-1,-1.0,-0.928556
892,-1,-1.0,-0.92324644
893,-1,-1.0,-0.9391051
894,-1,-1.0,-0.965141
895,1,1.0,1.0188806
896,-1,-1.0,-0.93155164
897,-1,-1.0,-0.9902664
898,1,1.0,1.0108231
899,1,1.0,0.95898783
900,-1,-1.0,-0.93730336
901,-1,-1.0,-0.9422131
902,-1,-1.0,-0.90647465
903,-1,-1.0,-0.92184454
904,-1,-1.0,-0.92570597
905,-1,-1.0,-0.9269729
906,-1,-1.0,-0.97288543
907,1,1.0,0.9871365
908,-1,-1.0,-0.96200615
909,1,1.0,0.9982172
910,1,1.0,1.0213381
911,1,1.0,1.0544981
912,-1,1.0,-0.06295358
913,-1,-1.0,-0.8563293
914,-1,-1.0,-1.002556
915,1,1.0,0.99066144
916,1,1.0,1.0202894
917,1,1.0,1.0229657
918,-1,-1.0,-0.88011557
919,-1,-1.0,-1.0001514
920,-1,-1.0,-0.9740748
921,1,1.0,0.9203031
922,-1,-1.0,-1.0092157
923,1,1.0,0.9131691
924,-1,-1.0,-0.9852167
925,-1,-1.0,-0.9740358
926,1,1.0,0.9798624
927,1,1.0,1.010778
928,-1,-1.0,-1.0630435
929,1,1.0,0.98978454
930,1,1.0,1.0231625
931,-1,-1.0,-0.9589239
932,-1,-1.0,-0.9920762
933,1,1.0,0.9722325
934,1,1.0,0.9928338
935,1,1.0,1.0537051
936,-1,-1.0,-0.98691684
937,1,1.0,0.9459177
938,1,1.0,1.0352697
939,-1,-1.0,-1.1535273
940,-1,-1.0,-0.94465786
941,-1,-1.0,-0.91906935
942,-1,-1.0,-0.93716484
943,-1,-1.0,-0.9704985
944,1,1.0,0.99735045
945,1,1.0,0.9936578
946,-1,-1.0,-1.2157555
947,1,1.0,1.1573539
948,-1,-1.0,-1.0272264
949,-1,-1.0,-0.9944301
950,1,1.0,0.9635785
951,1,1.0,1.0056106
952,1,1.0,1.0163225
953,-1,-1.0,-0.971706
954,-1,-1.0,-0.98579174
955,1,1.0,1.0012128
956,-1,-1.0,-0.9955688
957,1,1.0,1.0172505
958,1,1.0,1.017429
959,1,1.0,1.0319109
960,1,1.0,1.0340792
961,1,1.0,1.0516815
962,1,1.0,1.021383
963,-1,-1.0,-0.9059711
964,1,1.0,0.9423823
965,1,1.0,0.9404475
966,-1,-1.0,-1.1037554
967,-1,-1.0,-0.9408856
968,-1,-1.0,-0.93292266
969,-1,-1.0,-0.90574116
970,1,1.0,0.9449659
971,1,1.0,0.9833382
972,-1,-1.0,-1.0540935
973,1,1.0,1.0323373
974,1,1.0,1.0447965
975,1,1.0,1.0425051
976,-1,-1.0,-0.9905103
977,1,1.0,1.0496186
978,1,1.0,0.9646796
979,1,1.0,1.0312339
980,-1,-1.0,-0.8866182
981,1,1.0,0.56436694
982,-1,-1.0,-0.9786754
983,-1,-1.0,-0.987245
984,1,1.0,0.9621256
985,-1,-1.0,-0.9897221
986,1,1.0,0.9991958
987,1,1.0,1.0303736
988,1,1.0,1.003222
989,1,1.0,1.037369
990,1,1.0,1.0469512
991,1,1.0,1.0628848
992,1,1.0,1.068824
993,1,1.0,0.84728813
994,-1,-1.0,-0.8008848
995,-1,-1.0,-0.94358
996,-1,-1.0,-0.9876475
997,1,1.0,0.9820381
998,1,1.0,0.98215747
999,-1,-1.0,-1.1017559
1000,-1,-1.0,-0.9704686
1001,1,1.0,0.9754747
1002,1,1.0,0.9922305
1003,-1,-1.0,-0.95239884
1004,-1,-1.0,-0.9482735
1005,-1,-1.0,-0.9748983
1006,1,1.0,0.9945349
1007,1,1.0,0.97106737
1008,-1,-1.0,-0.98973805
1009,1,1.0,0.8231171
1010,-1,-1.0,-1.0750327
1011,1,1.0,0.9880471
1012,-1,-1.0,-0.99208933
1013,-1,-1.0,-0.9852999
1014,1,1.0,0.88540703
1015,-1,-1.0,-0.8663122
1016,1,1.0,0.95994717
1017,1,1.0,1.0892935
1018,-1,-1.0,-0.9463492
1019,-1,-1.0,-0.99704176
1020,1,1.0,0.95384485
1021,1,1.0,0.9530401
1022,-1,-1.0,-1.0338019
1023,1,1.0,1.0514148
1024,1,1.0,1.0095787
1025,1,1.0,1.0260881
1026,-1,-1.0,-0.8959256
1027,-1,-1.0,-1.0237322
1028,1,1.0,1.0111351
1029,-1,-1.0,-0.98483676
1030,-1,-1.0,-0.9853763
1031,1,1.0,0.94331664
1032,-1,-1.0,-0.9823763
1033,-1,-1.0,-0.9888466
1034,1,1.0,1.0236366
1035,-1,-1.0,-1.0232637
1036,1,1.0,1.0588274
1037,-1,-1.0,-0.9916492
1038,-1,-1.0,-0.9733842
1039,1,1.0,0.9060845
1040,-1,-1.0,-0.99830085
1041,-1,-1.0,-0.9902871
1042,1,1.0,0.9203005
1043,-1,-1.0,-1.0035348
1044,-1,-1.0,-0.9873454
1045,1,1.0,0.9403488
1046,-1,-1.0,-1.0382649
1047,1,1.0,0.88493264
1048,-1,-1.0,-0.9974775
1049,-1,-1.0,-0.97596973
1050,1,1.0,0.9372237
1051,-1,-1.0,-1.063366
1052,1,1.0,1.0953252
1053,-1,-1.0,-1.1230578
1054,1,1.0,1.0145924
1055,1,1.0,1.0168065
1056,-1,-1.0,-0.99841315
1057,1,1.0,0.74424917
1058,-1,-1.0,-0.96558195
1059,-1,-1.0,-0.939061
1060,-1,-1.0,-0.92826897
1061,-1,-1.0,-0.96589965
1062,1,1.0,0.99676454
1063,1,1.0,1.0464957
1064,1,1.0,1.0683914
1065,1,1.0,1.0452812
1066,1,1.0,1.0422833
1067,1,1.0,1.0882515
1068,1,1.0,1.085416
1069,-1,-1.0,-0.8523517
1070,-1,-1.0,-0.93332034
1071,-1,-1.0,-0.9365738
1072,-1,-1.0,-0.97703105
1073,1,1.0,0.98375183
1074,1,1.0,1.0036077
1075,-1,-1.0,-1.0233359
1076,-1,-1.0,-0.9458781
1077,-1,-1.0,-0.9819569
1078,1,1.0,0.94924283
1079,1,1.0,0.9783665
1080,1,1.0,1.0168217
1081,1,1.0,1.0288452
1082,1,1.0,1.0344691
1083,1,1.0,1.069712
1084,1,1.0,1.0427704
1085,-1,-1.0,-0.86110216
1086,1,1.0,1.0163202
1087,1,1.0,0.95315665
1088,-1,-1.0,-0.9981356
1089,-1,-1.0,-0.9931343
1090,1,1.0,1.026031
1091,-1,-1.0,-1.0513508
1092,1,1.0,1.203074
1093,-1,-1.0,-0.9905841
1094,-1,-1.0,-0.98246354
1095,1,1.0,0.991513
1096,1,1.0,0.9868147
1097,-1,-1.0,-1.0192652
1098,-1,-1.0,-1.0054275
1099,1,1.0,0.9808834
1100,1,1.0,1.0425496
1101,1,1.0,1.0316169
1102,1,1.0,1.0183767
1103,-1,-1.0,-1.0450892
1104,1,1.0,0.67833215
1105,-1,-1.0,-0.93742746
1106,-1,-1.0,-0.9371858
1107,-1,-1.0,-0.92021185
1108,-1,-1.0,-0.93548924
1109,-1,-1.0,-0.9687492
1110,1,1.0,1.0254291
1111,1,1.0,1.0419409
1112,1,1.0,1.0811682
1113,1,1.0,1.0383528
1114,1,1.0,1.0123012
1115,-1,-1.0,-1.0224369
1116,-1,-1.0,-0.99568707
1117,1,1.0,1.0491898
1118,-1,-1.0,-0.9955849
1119,-1,-1.0,-0.991106
1120,1,1.0,1.0119051
1121,1,1.0,1.0334672
1122,1,1.0,1.004886
1123,-1,-1.0,-0.97066766
1124,1,1.0,0.9780542
1125,1,1.0,1.0011853
1126,-1,-1.0,-0.9262361
1127,1,1.0,0.64275116
1128,-1,-1.0,-0.9607727
1129,-1,-1.0,-0.95084697
1130,-1,-1.0,-0.9758288
1131,1,1.0,0.99908656
1132,1,1.0,1.0077609
1133,-1,-1.0,-1.0365896
1134,1,1.0,1.0907301
1135,-1,-1.0,-1.2462302
1136,1,1.0,1.0242412
1137,1,1.0,0.99701196
1138,1,1.0,1.0371454
1139,1,1.0,1.0492933
1140,-1,-1.0,-0.98820525
1141,1,1.0,0.934854
1142,1,1.0,0.97684103
1143,-1,-1.0,-1.1318502
1144,-1,-1.0,-0.95754486
1145,-1,-1.0,-0.973187
1146,1,1.0,0.98158133
1147,1,1.0,0.97017246
1148,-1,-1.0,-1.1113117
1149,-1,-1.0,-1.1168464
1150,1,1.0,0.83234084
1151,1,1.0,0.9584497
1152,-1,-1.0,-1.0347413
1153,-1,-1.0,-0.9973087
1154,1,1.0,0.96224874
1155,-1,-1.0,-0.91881186
1156,1,1.0,0.96137017
1157,1,1.0,1.0753947
1158,-1,-1.0,-0.99285847
1159,-1,-1.0,-0.9989849
1160,1,1.0,1.0107034
1161,1,1.0,0.9933014
1162,1,1.0,0.9971116
1163,-1,-1.0,-0.97929865
1164,1,1.0,1.0073823
1165,1,1.0,1.0435717
1166,-1,-1.0,-1.0851827
1167,-1,-1.0,-1.0051389
1168,1,1.0,0.99732155
1169,1,1.0,1.0209341
1170,1,1.0,1.018288
1171,-1,-1.0,-0.96483094
1172,1,1.0,0.7357725
1173,-1,-1.0,-0.97695357
1174,-1,-1.0,-0.98493487
1175,1,1.0,1.023168
1176,1,1.0,1.0070149
1177,-1,-1.0,-0.9811335
1178,-1,-1.0,-0.95371443
1179,-1,-1.0,-0.97031635
1180,1,1.0,0.89588475
1181,-1,-1.0,-1.0031625
1182,-1,-1.0,-0.9824794
1183,1,1.0,1.0171516
1184,-1,-1.0,-0.97513694
1185,-1,-1.0,-0.9583791
1186,-1,-1.0,-0.9715329
1187,1,1.0,0.9753084
1188,1,1.0,0.92593044
1189,-1,-1.0,-1.0174605
1190,1,1.0,0.9982129
1191,-1,-1.0,-0.9816628
1192,-1,-1.0,-0.9839633
1193,1,1.0,0.8243672
1194,-1,-1.0,-0.9944338
1195,-1,-1.0,-0.94115835
1196,-1,-1.0,-0.91076976
1197,-1,-1.0,-0.9179209
1198,-1,-1.0,-0.9200652
1199,-1,-1.0,-0.9193836
1200,-1,-1.0,-0.92553717
1201,-1,-1.0,-0.96233064
1202,1,1.0,0.9707822
1203,-1,-1.0,-1.0088317
1204,-1,-1.0,-0.94298583
1205,-1,-1.0,-0.92331487
1206,-1,-1.0,-0.9798214
1207,1,1.0,1.028004
1208,1,1.0,0.9896738
1209,-1,-1.0,-0.94984514
1210,-1,-1.0,-0.9335881
1211,-1,-1.0,-0.90952617
1212,-1,-1.0,-0.9405158
1213,-1,-1.0,-0.97301275
1214,1,1.0,0.94663197
1215,-1,-1.0,-1.0055054
1216,-1,-1.0,-0.98765534
1217,1,1.0,0.8960896
1218,-1,-1.0,-0.99203366
1219,-1,-1.0,-0.93928224
1220,-1,-1.0,-0.9067214
1221,-1,-1.0,-0.91665894
1222,-1,-1.0,-0.92517406
1223,-1,-1.0,-0.92360216
1224,-1,-1.0,-0.9241987
1225,-1,-1.0,-0.9502123
1226,1,1.0,1.0042484
1227,1,1.0,1.0161016
1228,-1,-1.0,-0.82535344
1229,-1,-1.0,-0.9469617
1230,-1,-1.0,-0.97328395
1231,1,1.0,0.8302716
1232,-1,-1.0,-1.0112665
1233,1,1.0,0.78746253
1234,-1,-1.0,-0.99197537
1235,-1,-1.0,-0.98165303
1236,1,1.0,0.87438774
1237,-1,-1.0,-1.0089937
1238,-1,-1.0,-0.95621735
1239,-1,-1.0,-0.9631595
1240,1,1.0,0.9459172
1241,-1,-1.0,-0.6520373
1242,1,1.0,1.0029961
1243,1,1.0,1.0585191
1244,1,1.0,1.013449
1245,-1,-1.0,-1.0687771
1246,1,1.0,0.94337875
1247,1,1.0,1.0417997
1248,-1,-1.0,-1.1146235
1249,-1,-1.0,-0.9641288
1250,-1,-1.0,-0.9753136
1251,1,1.0,0.92864543
1252,-1,-1.0,-1.043648
1253,-1,-1.0,-0.9466005
1254,-1,-1.0,-0.9104567
1255,-1,-1.0,-0.935448
1256,-1,-1.0,-0.9639059
1257,1,1.0,1.0181493
1258,1,1.0,1.0377876
1259,1,1.0,1.0001332
1260,-1,-1.0,-1.1567467
1261,-1,-1.0,-0.9934791
1262,1,1.0,0.93074584
1263,-1,-1.0,-1.0161215
1264,-1,-1.0,-0.9394589
1265,-1,-1.0,-0.9238544
1266,-1,-1.0,-1.0536541
1267,1,1.0,0.9625636
1268,-1,-1.0,-1.0377823
1269,-1,-1.0,-0.98640686
1270,1,1.0,0.9242522
1271,-1,-1.0,-0.98069054
1272,-1,-1.0,-0.98999685
1273,1,1.0,0.86714226
1274,-1,-1.0,-0.9254373
1275,1,1.0,1.0159848
1276,1,1.0,1.0628704
1277,1,1.0,1.0629766
1278,-1,-1.0,-1.0180598
1279,-1,-1.0,-1.0411763
1280,1,1.0,1.0022746
1281,-1,-1.0,-1.0018189
1282,-1,-1.0,-0.99255854
1283,1,1.0,0.8977185
1284,-1,-1.0,-0.9642574
1285,-1,-1.0,-0.95534307
1286,-1,-1.0,-0.9706214
1287,1,1.0,0.9396629
1288,-1,-1.0,-1.0083647
1289,1,1.0,0.973398
1290,1,1.0,1.0481944
1291,1,1.0,1.0393991
1292,-1,-1.0,-1.044853
1293,1,1.0,0.8216167
1294,-1,-1.0,-0.9748805
1295,-1,-1.0,-0.99597937
1296,1,1.0,0.9957688
1297,1,1.0,0.96142143
1298,-1,-1.0,-1.0281006
1299,-1,-1.0,-0.93379766
1300,-1,-1.0,-0.91075426
1301,-1,-1.0,-0.92767864
1302,-1,-1.0,-0.9225765
1303,-1,-1.0,-0.92504126
1304,-1,-1.0,-0.9708448
1305,1,1.0,0.9993963
1306,1,1.0,0.9932657
1307,1,1.0,1.0698311
1308,1,1.0,1.0282407
1309,-1,-1.0,-1.1589583
1310,1,1.0,1.00339
1311,1,1.0,0.71842855
1312,-1,-1.0,-0.81372035
1313,1,1.0,0.9698743
1314,1,1.0,0.5955418
1315,-1,-1.0,-0.94492775
1316,1,1.0,0.99597317
1317,1,1.0,0.9601187
1318,1,1.0,1.0013525
1319,-1,-1.0,-0.8696818
1320,-1,-1.0,-0.9755185
1321,-1,-1.0,-0.98287266
1322,1,1.0,0.9777983
1323,1,1.0,0.992757
1324,1,1.0,1.046458
1325,-1,-1.0,-0.99471694
1326,-1,-1.0,-1.0130314
1327,1,1.0,1.0553397
1328,-1,-1.0,-0.9893978
1329,-1,-1.0,-0.9416352
1330,-1,-1.0,-0.92388254
1331,-1,-1.0,-0.9693871
1332,1,1.0,0.9737754
1333,1,1.0,0.9779069
1334,1,1.0,1.1088384
1335,1,1.0,1.0507233
1336,-1,-1.0,-1.0456078
1337,-1,-1.0,-1.0041866
1338,-1,-1.0,-0.96278113
1339,1,1.0,0.97933656
1340,1,1.0,0.9926156
1341,-1,-1.0,-1.0438322
1342,-1,-1.0,-0.9331823
1343,-1,-1.0,-0.929323
1344,-1,-1.0,-0.9789459
1345,1,1.0,0.9797431
1346,1,1.0,1.0004481
1347,1,1.0,1.0078657
1348,-1,-1.0,-1.0839123
1349,1,1.0,0.94884557
1350,-1,-1.0,-1.3082662
1351,1,1.0,1.0023367
1352,1,1.0,0.9796851
1353,1,1.0,1.0058142
1354,-1,-1.0,-0.9333933
1355,-1,-1.0,-1.0216153
1356,1,1.0,0.997454
1357,1,1.0,1.0193927
1358,1,1.0,1.0535681
1359,-1,-1.0,-0.9941035
1360,1,1.0,0.830198
1361,-1,-1.0,-1.2371951
1362,1,1.0,0.9897303
1363,-1,-1.0,-1.0040154
1364,-1,-1.0,-0.93914014
1365,-1,-1.0,-0.9290033
1366,-1,-1.0,-0.98152894
1367,1,1.0,1.0041372
1368,1,1.0,1.0084851
1369,1,1.0,1.0493119
1370,1,1.0,1.0407987
1371,1,1.0,1.0418972
1372,1,1.0,1.0678271
1373,1,1.0,1.0640749
1374,-1,-1.0,-0.8860808
1375,-1,-1.0,-0.93496567
1376,-1,-1.0,-0.9809901
1377,1,1.0,0.914224
1378,-1,-1.0,-1.0314646
1379,-1,-1.0,-0.9422136
1380,-1,-1.0,-0.95347863
1381,1,1.0,1.0000182
1382,-1,-1.0,-1.0149158
1383,-1,-1.0,-0.9561966
1384,-1,-1.0,-0.96580833
1385,1,1.0,0.9290194
1386,-1,-1.0,-1.0324733
1387,1,1.0,0.9745249
1388,1,1.0,0.979188
1389,1,1.0,1.0076026
1390,-1,-1.0,-1.0885937
1391,1,1.0,1.0127194
1392,1,1.0,0.9798915
1393,1,1.0,1.0185338
1394,-1,-1.0,-0.8760088
1395,-1,-1.0,-1.0264239
1396,1,1.0,1.0189793
1397,-1,-1.0,-0.9869867
1398,1,1.0,1.1406941
1399,-1,-1.0,-0.9884675
1400,-1,-1.0,-0.9433251
1401,-1,-1.0,-0.9753441
1402,1,1.0,0.9809431
1403,1,1.0,0.99321127
1404,-1,-1.0,-1.0549769
1405,1,1.0,0.8916483
1406,1,1.0,0.98663515
1407,-1,-1.0,-1.0189681
1408,-1,-1.0,-0.94537455
1409,-1,-1.0,-0.92811495
1410,-1,-1.0,-0.98140424
1411,1,1.0,1.014061
1412,1,1.0,1.0120398
1413,-1,-1.0,-0.9838467
1414,-1,-1.0,-0.92775375
1415,-1,-1.0,-0.9242616
1416,-1,-1.0,-0.98767644
1417,1,1.0,1.0211898
1418,1,1.0,0.9830647
1419,-1,-1.0,-1.0480027
1420,1,1.0,1.0123153
1421,1,1.0,1.0769082
1422,1,1.0,1.0732676
1423,-1,-1.0,-0.98043495
1424,-1,-1.0,-1.0537404
1425,1,1.0,1.0036545
1426,1,1.0,0.95668423
1427,-1,-1.0,-1.1570603
1428,1,1.0,0.6434984
1429,-1,-1.0,-0.9747197
1430,-1,-1.0,-0.942488
1431,-1,-1.0,-0.96985346
1432,1,1.0,0.974666
1433,1,1.0,0.9704171
1434,-1,-1.0,-0.99918383
1435,1,1.0,1.054003
1436,1,1.0,1.0227172
1437,1,1.0,1.0291039
1438,-1,-1.0,-1.0158715
1439,1,1.0,0.7892627
1440,-1,-1.0,-0.95131284
1441,-1,-1.0,-0.95159274
1442,-1,-1.0,-0.9645085
1443,1,1.0,0.9621308
1444,1,1.0,0.98261106
1445,-1,-1.0,-1.0561002
1446,-1,-1.0,-0.9278875
1447,-1,-1.0,-0.9096201
1448,-1,-1.0,-0.938248
1449,-1,-1.0,-0.98144156
1450,1,1.0,1.0501882
1451,1,1.0,1.0218524
1452,-1,-1.0,-0.9362449
1453,-1,-1.0,-0.8607186
1454,1,1.0,1.030202
1455,-1,-1.0,-0.98657805
1456,-1,-1.0,-0.9449406
1457,-1,-1.0,-0.91619617
1458,-1,-1.0,-0.93200904
1459,-1,-1.0,-0.9743398
1460,1,1.0,0.9348526
1461,-1,-1.0,-1.0107522
1462,-1,-1.0,-1.0709071
1463,1,1.0,0.98622495
1464,1,1.0,0.9935588
1465,-1,-1.0,-1.0267341
1466,1,1.0,0.96207434
1467,1,1.0,1.0296546
1468,-1,-1.0,-1.0419592
1469,-1,-1.0,-0.9416235
1470,-1,-1.0,-0.91928416
1471,-1,-1.0,-0.92312676
1472,-1,-1.0,-0.92762667
1473,-1,-1.0,-1.0832961
1474,1,1.0,0.9791483
1475,1,1.0,1.0054429
1476,-1,-1.0,-1.0849886
1477,1,1.0,1.0592483
1478,1,1.0,1.0584761
1479,1,1.0,1.0571616
1480,1,1.0,1.0129266
1481,-1,-1.0,-1.0017952
1482,-1,-1.0,-1.0091127
1483,1,1.0,1.0625248
1484,1,1.0,1.003932
1485,1,1.0,0.9912645
1486,1,1.0,1.0295852
1487,1,1.0,1.06754
1488,-1,-1.0,-1.0065002
1489,1,1.0,0.08076193
1490,-1,-1.0,-1.0487485
1491,1,1.0,0.989355
1492,1,1.0,0.9683884
1493,-1,-1.0,-0.94434434
1494,1,1.0,0.9858256
1495,1,1.0,0.9791717
1496,1,1.0,0.9920482
1497,-1,-1.0,-0.9558738
1498,1,1.0,1.0002836
1499,1,1.0,0.9641999
1500,1,1.0,1.0333047
1501,1,1.0,1.0374876
1502,-1,-1.0,-0.94765
1503,1,1.0,0.58197105
1504,-1,-1.0,-1.0899789
1505,1,1.0,0.8153994
1506,-1,-1.0,-0.40689695
1507,1,1.0,0.87805706
1508,-1,-1.0,-0.9929462
1509,-1,-1.0,-0.9883067
1510,1,1.0,0.98610526
1511,1,1.0,0.97687775
1512,1,1.0,1.0391142
1513,-1,-1.0,-0.951032
1514,-1,-1.0,-1.0304031
1515,1,1.0,1.0377792
1516,1,1.0,0.9333278
1517,-1,-1.0,-1.1352761
1518,1,1.0,1.0084292
1519,1,1.0,1.0146167
1520,-1,-1.0,-1.0741793
1521,-1,-1.0,-0.95614916
1522,-1,-1.0,-0.9698244
1523,1,1.0,0.9376286
1524,-1,-1.0,-1.0192248
1525,1,1.0,0.8412587
1526,-1,-1.0,-1.049909
1527,1,1.0,0.92417127
1528,1,1.0,1.050303
1529,-1,-1.0,-1.0332077
1530,-1,-1.0,-1.008839
1531,1,1.0,1.006866
1532,1,1.0,0.9659679
1533,1,1.0,1.043211
1534,-1,-1.0,-0.9066306
1535,-1,-1.0,-1.0352303
1536,1,1.0,1.0527714
1537,-1,-1.0,-1.0045458
1538,-1,-1.0,-0.95599324
1539,-1,-1.0,-0.951299
1540,1,1.0,0.9891717
1541,1,1.0,1.0251023
1542,1,1.0,1.0697972
1543,1,1.0,1.0247668
1544,-1,-1.0,-0.98544973
1545,-1,-1.0,-0.97880656
1546,-1,-1.0,-0.9762209
1547,1,1.0,0.9083704
1548,-1,-1.0,-0.9843704
1549,1,1.0,0.88308454
1550,-1,-1.0,-0.9750398
1551,-1,-1.0,-0.92668587
1552,-1,-1.0,-0.9306341
1553,-1,-1.0,-0.979343
1554,1,1.0,1.0101402
1555,1,1.0,1.0192623
1556,-1,-1.0,-0.9906413
1557,-1,-1.0,-0.92696434
1558,-1,-1.0,-0.90927297
1559,-1,-1.0,-0.9355181
1560,-1,-1.0,-1.0421711
1561,1,1.0,0.9907279
1562,1,1.0,0.97313136
1563,-1,-1.0,-1.039803
1564,1,1.0,1.0081866
1565,-1,-1.0,-1.1855106
1566,1,1.0,1.0050172
1567,1,1.0,1.0271088
1568,1,1.0,1.052952
1569,-1,-1.0,-1.0021616
1570,1,1.0,0.78056264
1571,-1,-1.0,-0.9693255
1572,-1,-1.0,-0.98197395
1573,1,1.0,0.9065631
1574,-1,-1.0,-1.0244157
1575,-1,-1.0,-0.9864573
1576,1,1.0,1.0486389
1577,-1,-1.0,-0.9821264
1578,-1,-1.0,-0.9585448
1579,-1,-1.0,-0.9629633
1580,1,1.0,0.9840538
1581,-1,-1.0,-1.1261761
1582,1,1.0,1.0076368
1583,1,1.0,1.0513195
1584,1,1.0,1.0509982
1585,1,1.0,1.0712693
1586,1,1.0,1.0534548
1587,-1,-1.0,-0.95923847
1588,-1,-1.0,-0.94717866
1589,-1,-1.0,-0.92550594
1590,-1,-1.0,-0.9414597
1591,-1,-1.0,-0.97284824
1592,1,1.0,0.98602134
1593,1,1.0,0.986611
1594,-1,-1.0,-0.8923252
1595,1,1.0,1.1204712
1596,-1,-1.0,-0.9600896
1597,-1,-1.0,-0.95009166
1598,-1,-1.0,-0.98311836
1599,1,1.0,0.9943889
1600,1,1.0,1.0141393
1601,-1,-1.0,-1.0343869
1602,-1,-1.0,-1.1083617
1603,1,1.0,0.96596426
1604,1,1.0,1.0029904
1605,1,1.0,1.0241071
1606,1,1.0,1.0325831
1607,1,1.0,1.033603
1608,1,1.0,1.0601522
1609,-1,-1.0,-0.9717322
1610,-1,-1.0,-0.98306566
1611,-1,-1.0,-0.9672633
1612,1,1.0,0.8981048
1613,-1,-1.0,-1.0245748
1614,1,1.0,0.9537009
1615,-1,-1.0,-1.0990305
1616,1,1.0,0.9832364
1617,1,1.0,1.0257249
1618,1,1.0,1.0398542
1619,1,1.0,1.0579666
1620,1,1.0,1.0076026
1621,-1,-1.0,-0.920034
1622,-1,-1.0,-1.01058
1623,1,1.0,1.0221537
1624,-1,-1.0,-1.0167559
1625,-1,-1.0,-0.99676317
1626,1,1.0,0.9876909
1627,1,1.0,0.98853904
1628,1,1.0,1.0304469
1629,1,1.0,1.0221258
1630,-1,-1.0,-1.0058835
1631,1,1.0,0.69353807
1632,-1,-1.0,-0.5805635
1633,1,1.0,0.36881322
1634,-1,-1.0,-0.21096049
1635,1,1.0,1.0256779
1636,1,1.0,0.9809611
1637,1,1.0,1.031412
1638,1,1.0,1.1000592
1639,-1,-1.0,-0.95585257
1640,-1,-1.0,-1.0637997
1641,1,1.0,1.0873309
1642,1,1.0,0.97440976
1643,-1,-1.0,-1.0423912
1644,-1,-1.0,-0.9557746
1645,-1,-1.0,-0.9645429
1646,1,1.0,0.9216284
1647,-1,-1.0,-1.0028981
1648,-1,-1.0,-0.95416766
1649,-1,-1.0,-0.96724087
1650,1,1.0,0.91750216
1651,-1,-1.0,-1.0023453
1652,1,1.0,0.9907486
1653,1,1.0,1.0447363
1654,1,1.0,1.0272046
1655,-1,-1.0,-0.9896336
1656,-1,-1.0,-1.0191925
1657,1,1.0,0.86410356
1658,-1,-1.0,-1.0014372
1659,1,1.0,1.0210799
1660,1,1.0,0.92950076
1661,-1,-1.0,-0.9883552
1662,1,1.0,0.76141983
1663,-1,-1.0,-0.98403627
1664,-1,-1.0,-0.9777034
1665,1,1.0,0.9589234
1666,1,1.0,0.96457684
1667,-1,-1.0,-1.0606303
1668,-1,-1.0,-0.98938876
1669,1,1.0,0.98187894
1670,-1,-1.0,-1.0251446
1671,1,1.0,0.6488953
1672,-1,-1.0,-0.94859034
1673,1,1.0,1.0058309
1674,1,1.0,1.0070354
1675,-1,-1.0,-0.9740743
1676,-1,-1.0,-0.9527157
1677,-1,-1.0,-0.97877914
1678,1,1.0,1.0060238
1679,1,1.0,1.0544018
1680,1,1.0,0.9973556
1681,1,1.0,1.0349799
1682,-1,-1.0,-1.0001385
1683,1,1.0,0.8113173
1684,-1,-1.0,-0.95473343
1685,-1,-1.0,-0.94969946
1686,-1,-1.0,-0.9659017
1687,1,1.0,0.97027725
1688,-1,-1.0,-1.0070257
1689,-1,-1.0,-0.9487558
1690,-1,-1.0,-0.9204269
1691,-1,-1.0,-0.96560186
1692,1,1.0,1.0012395
1693,1,1.0,1.0228766
1694,-1,-1.0,-0.959477
1695,-1,-1.0,-0.9313794
1696,-1,-1.0,-0.9110494
1697,-1,-1.0,-0.9190107
1698,-1,-1.0,-0.9179035
1699,-1,-1.0,-0.93153626
1700,-1,-1.0,-0.96584684
1701,1,1.0,0.9629142
1702,-1,-1.0,-1.1038277
1703,1,1.0,0.98928016
1704,-1,-1.0,-0.9836777
1705,-1,-1.0,-0.92294127
1706,-1,-1.0,-0.9285627
1707,-1,-1.0,-0.97647136
1708,1,1.0,1.0201105
1709,1,1.0,1.0339102
1710,1,1.0,1.0557693
1711,1,1.0,1.0413421
1712,1,1.0,1.0431514
1713,1,1.0,1.0854148
1714,1,1.0,1.0624734
1715,1,1.0,1.174602
1716,-1,-1.0,-0.89983064
1717,-1,-1.0,-0.9941645
1718,1,1.0,1.027584
1719,-1,-1.0,-0.98642975
1720,1,1.0,0.84950274
1721,-1,-1.0,-0.09960662
1722,-1,1.0,-0.75594753
1723,1,-1.0,0.16644825
1724,-1,1.0,-0.6226
1725,1,-1.0,0.20638187
1726,-1,1.0,-0.12032665
1727,-1,-1.0,-1.0407875
1728,1,1.0,1.0006888
1729,1,1.0,0.94656426
1730,-1,-1.0,-0.9129577
1731,-1,-1.0,-1.0020875
1732,1,1.0,0.9450044
1733,-1,-1.0,-1.0026649
1734,-1,-1.0,-0.9472316
1735,-1,-1.0,-0.91566974
1736,-1,-1.0,-0.9207669
1737,-1,-1.0,-0.9231661
1738,-1,-1.0,-0.9323378
1739,-1,-1.0,-0.9549373
1740,1,1.0,1.0136005
1741,1,1.0,1.0206758
1742,1,1.0,0.97612983
1743,-1,-1.0,-1.2235025
1744,-1,-1.0,-1.0159373
1745,-1,-1.0,-0.9744757
1746,1,1.0,0.8820597
1747,-1,-1.0,-1.0225976
1748,-1,-1.0,-0.9949903
1749,1,1.0,0.9996706
1750,1,1.0,0.9889758
1751,-1,-1.0,-1.1747824
1752,1,1.0,1.0047634
1753,1,1.0,1.0508909
1754,1,1.0,1.0547131
1755,1,1.0,1.0989145
1756,1,1.0,1.0461763
1757,1,1.0,1.0404168
1758,-1,-1.0,-0.8738745
1759,-1,-1.0,-1.001651
1760,1,1.0,0.96109915
1761,1,1.0,1.0122949
1762,-1,-1.0,-1.0749447
1763,-1,-1.0,-0.93959576
1764,-1,-1.0,-0.90803534
1765,-1,-1.0,-0.91725975
1766,-1,-1.0,-0.93179446
1767,-1,-1.0,-0.95271355
1768,1,1.0,1.0020968
1769,1,1.0,0.993033
1770,-1,-1.0,-1.1895379
1771,1,1.0,0.97550607
1772,1,1.0,1.0270232
1773,-1,-1.0,-1.0076108
1774,-1,-1.0,-0.96153
1775,-1,-1.0,-0.97222143
1776,1,1.0,0.9332236
1777,-1,-1.0,-1.1303983
1778,1,1.0,1.0140405
1779,1,1.0,1.0605416
1780,1,1.0,1.020903
1781,1,1.0,1.02254
1782,-1,-1.0,-1.0404738
1783,1,1.0,0.44774777
1784,1,1.0,0.986675
1785,1,1.0,0.9961075
1786,-1,-1.0,-0.8272324
1787,1,1.0,1.0083383
1788,1,1.0,0.93679005
1789,-1,-1.0,-0.91168267
1790,1,1.0,1.0036035
1791,1,1.0,0.9606467
1792,1,1.0,1.0110008
1793,1,1.0,1.0351367
1794,-1,-1.0,-0.88302475
1795,-1,-1.0,-1.0374217
1796,1,1.0,1.0505518
1797,-1,-1.0,-1.0099865
1798,-1,-1.0,-0.9911217
1799,1,1.0,1.0336993
1800,1,1.0,1.0647345
1801,1,1.0,1.0293275
1802,-1,-1.0,-0.966441
1803,1,1.0,0.7233063
1804,-1,-1.0,-0.9938025
1805,-1,-1.0,-0.9876569
1806,1,1.0,0.8934315
1807,-1,-1.0,-0.9741811
1808,-1,-1.0,-0.945381
1809,-1,-1.0,-0.9103008
1810,-1,-1.0,-0.9283975
1811,-1,-1.0,-0.95885247
1812,1,1.0,1.0128722
1813,1,1.0,1.0211138
1814,1,1.0,1.0898095
1815,1,1.0,1.0261624
1816,-1,-1.0,-1.1336217
1817,1,1.0,0.93353045
1818,-1,-1.0,-0.9474979
1819,-1,-1.0,-0.98287493
1820,1,1.0,0.9292251
1821,-1,-1.0,-1.0588175
1822,1,1.0,0.917008
1823,-1,-1.0,-0.27756006
1824,1,1.0,0.66412073
1825,-1,-1.0,-0.99478513
1826,-1,-1.0,-0.9913699
1827,1,1.0,0.99270827
1828,1,1.0,1.044173
1829,1,1.0,1.0212407
1830,-1,-1.0,-1.0445905
1831,1,1.0,0.75210387
1832,-1,-1.0,-0.9466818
1833,1,1.0,0.5950246
1834,-1,-1.0,-0.98683494
1835,-1,-1.0,-0.9833942
1836,1,1.0,0.8947356
1837,-1,-1.0,-0.96430916
1838,1,1.0,0.98838526
1839,1,1.0,1.0343671
1840,1,1.0,1.040771
1841,1,1.0,1.0560781
1842,1,1.0,1.0349079
1843,1,1.0,1.0562344
1844,-1,-1.0,-0.83540255
1845,-1,-1.0,-0.94490033
1846,-1,-1.0,-0.94024426
1847,-1,-1.0,-0.97702664
1848,1,1.0,0.9310602
1849,-1,-1.0,-1.0488464
1850,1,1.0,0.94979215
1851,1,1.0,1.0944912
1852,1,1.0,1.030623
1853,-1,-1.0,-1.0969721
1854,1,1.0,0.88722926
1855,-1,-1.0,-0.68669236
1856,1,1.0,0.671822
1857,-1,-1.0,-0.90462166
1858,1,1.0,1.0146598
1859,1,1.0,0.97285897
1860,1,1.0,1.018475
1861,1,1.0,1.0091243
1862,1,1.0,1.0474149
1863,1,1.0,1.0390412
1864,-1,-1.0,-0.8553048
1865,-1,-1.0,-1.0241876
1866,1,1.0,1.0051188
1867,1,1.0,1.0244162
1868,1,1.0,1.0144575
1869,1,1.0,1.053002
1870,-1,-1.0,-0.9317501
1871,-1,-1.0,-0.9805983
1872,-1,-1.0,-0.9314557
1873,-1,-1.0,-0.9725768
1874,1,1.0,1.0308343
1875,-1,-1.0,-1.0409905
1876,1,1.0,0.9612026
1877,1,1.0,1.0803192
1878,1,1.0,1.0323204
1879,1,1.0,0.9887487
1880,-1,-1.0,-0.9964357
1881,-1,-1.0,-1.0200877
1882,1,1.0,1.0126108
1883,-1,-1.0,-1.0044192
1884,-1,-1.0,-0.9922965
1885,1,1.0,1.0006952
1886,1,1.0,0.98255247
1887,1,1.0,1.0412444
1888,1,1.0,1.0125548
1889,-1,-1.0,-0.9981149
1890,1,1.0,0.9192115
1891,-1,-1.0,-0.9686896
1892,-1,-1.0,-0.95150906
1893,-1,-1.0,-0.9713475
1894,1,1.0,0.9554715
1895,-1,-1.0,-1.0148278
1896,1,1.0,0.98178715
1897,1,1.0,1.0593507
1898,1,1.0,1.0412798
1899,-1,-1.0,-0.9878107
1900,-1,-1.0,-0.98259765
1901,-1,-1.0,-0.9899455
1902,1,1.0,0.9727734
1903,1,1.0,0.9793231
1904,1,1.0,1.0209411
1905,-1,-1.0,-1.0377765
1906,-1,-1.0,-0.9977401
1907,-1,-1.0,-0.97645897
1908,1,1.0,0.88264614
1909,-1,-1.0,-1.0031667
1910,1,1.0,0.8264661
1911,-1,-1.0,-0.3953799
1912,-1,1.0,-0.23761405
1913,-1,-1.0,-0.07373096
1914,1,1.0,1.0172496
1915,-1,-1.0,-0.99718183
1916,-1,-1.0,-0.9362586
1917,-1,-1.0,-0.932149
1918,-1,-1.0,-0.97525173
1919,1,1.0,0.9571453
1920,-1,-1.0,-1.0602976
1921,1,1.0,1.0242697
1922,-1,-1.0,-0.99362534
1923,1,1.0,0.998222
1924,1,1.0,1.0513918
1925,1,1.0,1.0375404
1926,1,1.0,1.0680946
1927,1,1.0,1.0321411
1928,-1,-1.0,-0.901671
1929,-1,-1.0,-1.0184484
1930,1,1.0,1.143806
1931,-1,-1.0,-1.0472424
1932,1,1.0,1.0219965
1933,1,1.0,1.0311896
1934,1,1.0,1.0454313
1935,-1,-1.0,-0.91713935
1936,-1,-1.0,-1.0558519
1937,1,1.0,1.0092652
1938,1,1.0,1.0165206
1939,-1,-1.0,-1.042289
1940,-1,-1.0,-1.000312
1941,1,1.0,0.99260056
1942,-1,-1.0,-0.98693234
1943,-1,-1.0,-0.9847434
1944,1,1.0,0.95017356
1945,-1,-1.0,-0.9706293
1946,-1,-1.0,-0.95179206
1947,-1,-1.0,-0.9670144
1948,1,1.0,0.970131
1949,-1,-1.0,-1.0306296
1950,-1,-1.0,-0.9881162
1951,1,1.0,1.026943
1952,1,1.0,1.0330669
1953,1,1.0,1.0709251
1954,1,1.0,0.96571237
1955,-1,-1.0,-0.9899939
1956,-1,-1.0,-0.96369416
1957,-1,-1.0,-0.9863141
1958,1,1.0,1.0032815
1959,1,1.0,0.9874543
1960,-1,-1.0,-0.9819339
1961,1,1.0,0.924733
1962,-1,-1.0,-1.0740856
1963,1,1.0,1.0412691
1964,1,1.0,0.5012417
1965,-1,-1.0,-1.0045633
1966,1,1.0,0.6540095
1967,-1,-1.0,-0.9753433
1968,-1,-1.0,-0.9853218
1969,1,1.0,0.906811
1970,-1,-1.0,-0.9841201
1971,-1,-1.0,-0.9460054
1972,-1,-1.0,-0.9278222
1973,-1,-1.0,-0.9695135
1974,1,1.0,0.9573271
1975,-1,-1.0,-0.9094567
1976,-1,-1.0,-0.9351116
1977,-1,-1.0,-0.9035917
1978,-1,-1.0,-0.93857247
1979,-1,-1.0,-0.9926172
1980,1,1.0,0.9831043
1981,1,1.0,0.98924434
1982,-1,-1.0,-1.0244508
1983,-1,-1.0,-1.2699172
1984,1,1.0,0.9503949
1985,1,1.0,0.9881396
1986,1,1.0,0.93591183
1987,-1,-1.0,-0.95926505
1988,1,1.0,1.057933
1989,1,1.0,0.97932273
1990,1,1.0,1.0515924
1991,1,1.0,1.0363919
1992,-1,-1.0,-0.91699845
1993,1,1.0,0.9694286
1994,1,1.0,0.9574446
1995,1,1.0,1.0285635
1996,1,1.0,1.035432
1997,-1,-1.0,-0.8926155
1998,1,1.0,0.9557986
1999,1,1.0,0.9986269
2000,1,1.0,1.4325914
2001,-1,-1.0,-0.8880637
2002,1,1.0,0.42678672
2003,-1,-1.0,-0.96987325
2004,-1,-1.0,-0.99129194
2005,1,1.0,1.0081776
2006,1,1.0,0.97550136
2007,-1,-1.0,-1.0469435
2008,1,1.0,0.77582353
2009,-1,-1.0,-1.0065562
2010,-1,-1.0,-0.9812514
2011,1,1.0,0.95543474
2012,1,1.0,0.9720412
2013,-1,-1.0,-1.0234861
2014,-1,-1.0,-0.99147075
2015,1,1.0,0.95935816
2016,-1,-1.0,-0.9924957
2017,-1,-1.0,-0.99228805
2018,1,1.0,1.0084825
2019,1,1.0,1.0477213
2020,1,1.0,1.0461419
2021,-1,-1.0,-0.99937207
2022,-1,-1.0,-1.0108793
2023,1,1.0,1.0055575
2024,1,1.0,0.9715987
2025,-1,-1.0,-1.0223501
2026,-1,-1.0,-0.9508658
2027,-1,-1.0,-1.0050894
2028,1,1.0,0.9024234
2029,-1,-1.0,-0.98357743
2030,-1,-1.0,-0.9547983
2031,-1,-1.0,-0.964616
2032,1,1.0,0.93201244
2033,-1,-1.0,-0.9576991
2034,1,1.0,0.9709998
2035,1,1.0,1.0965582
2036,1,1.0,1.0260192
2037,1,1.0,1.0569224
2038,1,1.0,1.0634972
2039,1,1.0,1.081484
2040,-1,-1.0,-0.88599926
2041,1,1.0,0.041030243
2042,-1,-1.0,-0.3091939
2043,1,1.0,1.1520172
2044,-1,-1.0,-0.99826497
2045,-1,-1.0,-0.9314974
2046,-1,-1.0,-0.93183357
2047,-1,-1.0,-0.9759099
2048,1,1.0,0.99045175
2049,1,1.0,1.0251575
2050,1,1.0,1.0376185
2051,-1,-1.0,-1.1795702
2052,1,1.0,0.9372979
2053,-1,-1.0,-1.1836419
2054,1,1.0,0.907775
2055,-1,-1.0,-0.9880468
2056,-1,-1.0,-0.95142394
2057,-1,-1.0,-0.9722386
2058,1,1.0,0.9045596
2059,-1,-1.0,-1.009551
2060,-1,-1.0,-0.95716673
2061,-1,-1.0,-0.9583486
2062,1,1.0,0.9818866
2063,-1,-1.0,-1.0720928
2064,1,1.0,1.0389961
2065,-1,-1.0,-1.0655726
2066,-1,1.0,-0.23236255
2067,1,-1.0,0.2876097
2068,1,1.0,1.0343536
2069,-1,-1.0,-0.97189814
2070,-1,-1.0,-0.94056135
2071,-1,-1.0,-0.93390185
2072,-1,-1.0,-0.9776816
2073,1,1.0,1.0246848
2074,1,1.0,1.0474691
2075,1,1.0,1.0685444
2076,1,1.0,1.0202625
2077,-1,-1.0,-0.99758357
2078,1,1.0,1.0256432
2079,1,1.0,0.9932771
2080,1,1.0,1.2007189
2081,-1,-1.0,-0.93825287
2082,1,1.0,0.119473085
2083,-1,-1.0,-1.2385554
2084,1,1.0,1.027367
2085,1,1.0,0.96397185
2086,1,1.0,1.0055614
2087,-1,-1.0,-0.8569315
2088,-1,-1.0,-0.98467
2089,-1,-1.0,-0.9721237
2090,1,1.0,0.9017551
2091,-1,-1.0,-0.99215823
2092,-1,-1.0,-0.97856575
2093,1,1.0,0.9926893
2094,1,1.0,0.9803986
2095,1,1.0,1.0776671
2096,1,1.0,1.0430729
2097,1,1.0,1.0668968
2098,-1,-1.0,-1.0353827
2099,1,1.0,0.6746233
2100,-1,-1.0,-0.9446787
2101,-1,-1.0,-0.9927674
2102,1,1.0,1.0012835
2103,1,1.0,1.0435818
2104,1,1.0,1.036068
2105,-1,-1.0,-0.997747
2106,1,1.0,1.0049264
2107,1,1.0,0.9890639
2108,1,1.0,1.0428063
2109,1,1.0,1.0544018
2110,1,1.0,1.0043465
2111,-1,-1.0,-0.90692455
2112,-1,-1.0,-0.95729476
2113,-1,-1.0,-0.9765747
2114,1,1.0,1.0111194
2115,1,1.0,0.98718315
2116,-1,-1.0,-0.94796926
2117,1,1.0,0.92600507
2118,-1,-1.0,-1.1120749
2119,1,1.0,0.87992626
2120,-1,-1.0,-0.9819719
2121,-1,-1.0,-0.98598224
2122,1,1.0,0.907933
2123,-1,-1.0,-0.9594402
2124,1,1.0,0.8639862
2125,-1,-1.0,-0.12997778
2126,1,1.0,1.021379
2127,-1,-1.0,-1.0000488
2128,-1,-1.0,-0.98471254
2129,1,1.0,1.0132859
2130,1,1.0,1.0117733
2131,1,1.0,1.0090736
2132,1,1.0,1.0429419
2133,1,1.0,1.0384208
2134,-1,-1.0,-0.93809134
2135,-1,-1.0,-1.004862
2136,1,1.0,1.0393366
2137,-1,-1.0,-0.9840192
2138,-1,-1.0,-0.9827631
2139,1,1.0,0.9941121
2140,1,1.0,1.0303262
2141,1,1.0,1.0561305
2142,-1,-1.0,-1.0156286
2143,1,1.0,1.0462425
2144,1,1.0,0.99619085
2145,1,1.0,1.0340652
2146,-1,-1.0,-0.79232866
2147,-1,-1.0,-0.93789274
2148,-1,-1.0,-0.9415696
2149,-1,-1.0,-0.98010975
2150,1,1.0,0.97173357
2151,1,1.0,0.99387795
2152,1,1.0,1.0497633
2153,1,1.0,1.0464771
2154,-1,-1.0,-1.0454338
2155,-1,-1.0,-0.99189085
2156,1,1.0,1.0790595
2157,-1,-1.0,-0.9639433
2158,1,1.0,0.9373172
2159,1,1.0,1.0412807
2160,-1,-1.0,-0.9735673
2161,-1,-1.0,-0.98154074
2162,1,1.0,0.9885352
2163,-1,-1.0,-1.0101482
2164,-1,-1.0,-0.940394
2165,-1,-1.0,-0.920693
2166,-1,-1.0,-0.8328947
2167,1,1.0,0.9323094
2168,1,1.0,0.96258754
2169,1,1.0,1.0873699
2170,1,1.0,1.0633415
2171,1,1.0,0.13548823
2172,-1,-1.0,-1.0713588
2173,1,1.0,0.35572702
2174,-1,-1.0,-0.9552327
2175,-1,-1.0,-0.5523962
2176,1,1.0,0.8190427
2177,1,1.0,0.96921027
2178,1,1.0,1.0183854
2179,-1,-1.0,-0.9115322
2180,-1,-1.0,-0.98065907
2181,1,1.0,1.0136425
2182,1,1.0,0.99022377
2183,-1,-1.0,-1.0344803
2184,-1,-1.0,-0.9953695
2185,1,1.0,1.0128795
2186,-1,-1.0,-1.0017196
2187,-1,-1.0,-0.9579497
2188,-1,-1.0,-0.9725979
2189,1,1.0,0.9880035
2190,1,1.0,0.97812575
2191,-1,-1.0,-1.0711656
2192,1,1.0,1.0939281
2193,-1,-1.0,-1.2106044
2194,1,1.0,1.0217482
2195,1,1.0,0.99305624
2196,1,1.0,1.0573784
2197,-1,-1.0,-0.95799094
2198,1,1.0,0.68295544
2199,-1,-1.0,-1.2130995
2200,1,1.0,0.93213683
2201,1,1.0,0.9295406
2202,-1,-1.0,-0.89054495
2203,1,1.0,0.9715017
2204,1,1.0,0.9683186
2205,1,1.0,1.0158981
2206,1,1.0,1.0487059
2207,-1,-1.0,-0.9795957
2208,1,1.0,0.5131401
2209,1,1.0,0.81578714
2210,-1,-1.0,-1.0987836
2211,-1,-1.0,-0.9600163
2212,-1,-1.0,-0.9725401
2213,1,1.0,1.0138552
2214,1,1.0,1.0103623
2215,-1,-1.0,-1.0151684
2216,-1,-1.0,-0.9449964
2217,1,1.0,0.983665
2218,1,1.0,1.0310628
2219,1,1.0,0.83315724
2220,-1,-1.0,-0.927337
2221,-1,-1.0,-1.0442917
2222,1,1.0,0.82316315
2223,-1,-1.0,-0.94690233
2224,1,1.0,1.0080596
2225,1,1.0,1.005929
2226,-1,-1.0,-0.97376245
2227,-1,-1.0,-0.9325071
2228,-1,-1.0,-0.90988714
2229,-1,-1.0,-0.9396327
2230,-1,-1.0,-0.9694753
2231,1,1.0,0.95131004
2232,-1,-1.0,-1.004101
2233,-1,-1.0,-0.98422307
2234,1,1.0,0.9261391
2235,-1,-1.0,-1.0149697
2236,-1,-1.0,-1.0018351
2237,1,1.0,0.9904788
2238,1,1.0,0.95787156
2239,1,1.0,1.0570438
2240,1,1.0,1.0684053
2241,-1,-1.0,-1.0545163
2242,1,1.0,0.9999191
2243,1,1.0,0.973631
2244,1,1.0,1.0245112
2245,-1,-1.0,-0.88404256
2246,-1,-1.0,-1.0116439
2247,1,1.0,0.9620399
2248,-1,-1.0,-0.974976
2249,1,1.0,0.7676395
2250,-1,-1.0,-0.2501254
2251,-1,1.0,-0.10101868
2252,-1,-1.0,-1.0852504
2253,1,1.0,1.0130956
2254,1,1.0,0.99994296
2255,1,1.0,1.005424
2256,1,1.0,1.0372041
2257,1,1.0,1.0491313
2258,1,1.0,1.0608976
2259,-1,-1.0,-0.9119025
2260,-1,-1.0,-0.95513874
2261,-1,-1.0,-0.9381018
2262,-1,-1.0,-0.9897335
2263,1,1.0,0.98112446
2264,1,1.0,0.96645254
2265,1,1.0,1.0470353
2266,1,1.0,0.98663956
2267,-1,-1.0,-1.0278001
2268,-1,-1.0,-0.990449
2269,-1,-1.0,-0.9352446
2270,-1,-1.0,-0.97214156
2271,1,1.0,0.9916696
2272,1,1.0,1.0331024
2273,1,1.0,1.0337665
2274,1,1.0,1.0281185
2275,1,1.0,1.0165962
2276,-1,-1.0,-0.97525483
2277,-1,-1.0,-0.9427715
2278,-1,-1.0,-0.9232469
2279,-1,-1.0,-0.92600375
2280,-1,-1.0,-0.9310635
2281,-1,-1.0,-1.123695
2282,1,1.0,0.9434846
2283,-1,-1.0,-0.9991328
2284,1,1.0,0.8128188
2285,-1,-1.0,-0.9807033
2286,-1,-1.0,-0.9870319
2287,1,1.0,0.9736956
2288,1,1.0,0.96712536
2289,1,1.0,1.0377883
2290,1,1.0,1.0554476
2291,1,1.0,0.9849881
2292,-1,-1.0,-0.93812174
2293,-1,-1.0,-0.94831544
2294,-1,-1.0,-0.98991793
2295,1,1.0,0.99324524
2296,1,1.0,0.9960177
2297,1,1.0,1.0008917
2298,-1,-1.0,-1.038733
2299,1,1.0,0.9572367
2300,1,1.0,0.9971031
2301,1,1.0,1.0189164
2302,-1,-1.0,-0.904162
2303,-1,-1.0,-1.036293
2304,1,1.0,1.1258905
2305,-1,-1.0,-0.9000843
2306,1,1.0,1.0082185
2307,1,1.0,1.0280453
2308,1,1.0,1.0205572
2309,1,1.0,1.0707155
2310,-1,-1.0,-0.92409736
2311,-1,-1.0,-0.97139055
2312,-1,-1.0,-0.9146152
2313,-1,-1.0,-0.9130426
2314,-1,-1.0,-0.9394348
2315,-1,-1.0,-0.9627349
2316,1,1.0,0.9835834
2317,1,1.0,0.97218454
2318,-1,-1.0,-0.9649461
2319,-1,-1.0,-0.9973598
2320,1,1.0,0.98875576
2321,1,1.0,1.027249
2322,1,1.0,0.9723378
2323,-1,-1.0,-1.0113847
2324,1,1.0,0.74726117
2325,-1,-1.0,-0.9795845
2326,-1,-1.0,-0.98924536
2327,1,1.0,0.8998061
2328,-1,-1.0,-0.91377467
2329,1,1.0,0.95976645
2330,1,1.0,1.0502968
2331,-1,-1.0,-0.92386657
2332,-1,-1.0,-0.93854886
2333,-1,-1.0,-0.91249806
2334,-1,-1.0,-0.9367092
2335,-1,-1.0,-1.0267256
2336,1,1.0,0.9790503
2337,1,1.0,0.9998562
2338,1,1.0,0.98591644
2339,-1,-1.0,-1.1212363
2340,-1,-1.0,-1.0037777
2341,1,1.0,0.9115866
2342,-1,-1.0,-0.97144693
2343,-1,-1.0,-0.9453555
2344,-1,-1.0,-0.93313247
2345,-1,-1.0,-0.97682804
2346,1,1.0,1.0355254
2347,1,1.0,0.99062496
2348,-1,-1.0,-1.0312536
2349,-1,-1.0,-1.2157581
2350,1,1.0,0.9654301
2351,-1,-1.0,-0.9843258
2352,-1,-1.0,-0.95390826
2353,-1,-1.0,-0.9638552
2354,1,1.0,0.9740197
2355,-1,-1.0,-1.0294082
2356,-1,-1.0,-0.98956794
2357,1,1.0,1.011283
2358,1,1.0,1.0382943
2359,1,1.0,1.0256413
2360,-1,-1.0,-1.0190136
2361,-1,-1.0,-1.0053155
2362,-1,-1.0,-0.9862047
2363,1,1.0,1.0121361
2364,1,1.0,1.0632669
2365,1,1.0,1.0180315
2366,-1,-1.0,-1.0292065
2367,1,1.0,0.75303274
2368,-1,-1.0,-0.9756773
2369,-1,-1.0,-0.98253137
2370,1,1.0,0.89915115
2371,-1,-1.0,-1.0088826
2372,1,1.0,0.99204916
2373,1,1.0,0.99505883
2374,-1,-1.0,-1.038627
2375,1,1.0,0.98489994
2376,1,1.0,1.0334742
2377,-1,-1.0,-1.1273477
2378,-1,-1.0,-1.0057011
2379,1,1.0,0.99958056
2380,1,1.0,0.9863156
2381,-1,-1.0,-1.06898
2382,1,1.0,1.1054034
2383,1,1.0,1.0195979
2384,1,1.0,1.0392884
2385,1,1.0,1.0738673
2386,1,1.0,1.0186272
2387,-1,-1.0,-0.9207886
2388,1,1.0,0.909416
2389,1,1.0,1.0113237
2390,-1,-1.0,-1.1800526
2391,-1,-1.0,-0.97769624
2392,1,1.0,0.9847215
2393,1,1.0,1.0082384
2394,1,1.0,1.0432421
2395,-1,-1.0,-0.8393951
2396,-1,-1.0,-1.0246935
2397,1,1.0,0.98733395
2398,-1,-1.0,-1.0015152
2399,-1,-1.0,-0.99482375
2400,1,1.0,1.0067368
2401,1,1.0,1.0325354
2402,1,1.0,1.0262426
2403,1,1.0,1.0734828
2404,-1,-1.0,-1.042647
2405,1,1.0,0.997379
2406,1,1.0,0.9898786
2407,1,1.0,1.033228
2408,1,1.0,1.0836066
2409,-1,-1.0,-0.861384
2410,-1,-1.0,-0.97671777
2411,-1,-1.0,-0.96469456
2412,1,1.0,0.988745
2413,-1,-1.0,-0.9721537
2414,-1,-1.0,-0.949462
2415,-1,-1.0,-0.9092565
2416,-1,-1.0,-0.9246846
2417,-1,-1.0,-0.97238404
2418,1,1.0,0.95665425
2419,-1,-1.0,-0.99966043
2420,-1,-1.0,-0.98396665
2421,1,1.0,0.87075335
2422,-1,-1.0,-0.9882725
2423,1,1.0,1.0075879
2424,1,1.0,1.0373462
2425,1,1.0,1.0284903
2426,1,1.0,1.066578
2427,1,1.0,1.0196999
2428,-1,-1.0,-0.96797734
2429,1,1.0,0.96722806
2430,1,1.0,0.94110936
2431,1,1.0,1.0200928
2432,1,1.0,1.0285717
2433,1,1.0,1.0145832
2434,1,1.0,1.0273094
2435,1,1.0,1.0360204
2436,-1,-1.0,-0.80572325
2437,-1,-1.0,-1.0366474
2438,1,1.0,1.0291405
2439,1,1.0,1.022729
2440,1,1.0,1.003542
2441,-1,-1.0,-0.65984493
2442,1,1.0,0.9912894
2443,1,1.0,0.9816723
2444,1,1.0,0.9937932
2445,-1,-1.0,-0.97204405
2446,-1,-1.0,-0.9371186
2447,-1,-1.0,-0.9384287
2448,-1,-1.0,-0.98713607
2449,1,1.0,0.9915457
2450,1,1.0,1.0139182
2451,1,1.0,1.0675929
2452,1,1.0,1.0243515
2453,1,1.0,1.0279493
2454,1,1.0,1.0715474
2455,1,1.0,1.0573786
2456,-1,-1.0,-0.8244
2457,-1,-1.0,-0.93096167
2458,-1,-1.0,-0.92333823
2459,-1,-1.0,-0.9317947
2460,-1,-1.0,-0.96519524
2461,1,1.0,0.97323257
2462,-1,-1.0,-1.0060561
2463,-1,-1.0,-0.93826157
2464,-1,-1.0,-0.9040268
2465,-1,-1.0,-0.91806513
2466,-1,-1.0,-0.9159084
2467,-1,-1.0,-0.91845804
2468,-1,-1.0,-0.9294892
2469,-1,-1.0,-0.9691295
2470,1,1.0,1.0172775
2471,1,1.0,1.006481
2472,1,1.0,1.1080505
2473,1,1.0,1.0577173
2474,1,1.0,1.0659413
2475,1,1.0,1.0945404
2476,1,1.0,1.0674701
2477,1,1.0,1.0386051
2478,-1,-1.0,-0.89056927
2479,-1,-1.0,-0.9437178
2480,-1,-1.0,-0.98469526
2481,1,1.0,0.9860852
2482,1,1.0,1.0115445
2483,1,1.0,1.0226353
2484,-1,-1.0,-1.0108559
2485,1,1.0,1.0646887
2486,1,1.0,0.98124903
2487,1,1.0,1.0465772
2488,-1,-1.0,-0.9083083
2489,-1,-1.0,-1.0479468
2490,1,1.0,1.0032728
2491,1,1.0,1.0074719
2492,1,1.0,1.0033301
2493,1,1.0,1.0320286
2494,-1,-1.0,-0.9640787
2495,1,1.0,0.97237855
2496,1,1.0,0.98638374
2497,1,1.0,1.0515232
2498,-1,-1.0,-0.87654024
2499,-1,-1.0,-1.0672328
2500,1,1.0,1.0073204
2501,1,1.0,1.0253048
2502,1,1.0,0.98616415
2503,1,1.0,1.0138987
2504,1,1.0,1.020491
2505,-1,-1.0,-0.9467791
2506,1,1.0,0.9722313
2507,1,1.0,0.9748917
2508,1,1.0,1.0191399
2509,1,1.0,1.0211871
2510,-1,-1.0,-0.918366
2511,1,1.0,0.61037445
2512,1,1.0,0.9314278
2513,-1,-1.0,-0.99195653
2514,1,1.0,0.4009922
2515,-1,-1.0,-0.97436756
2516,-1,-1.0,-0.98737246
2517,1,1.0,0.9642978
2518,1,1.0,1.0197196
2519,1,1.0,1.0186033
2520,-1,-1.0,-0.9579621
2521,-1,-1.0,-0.96524936
2522,-1,-1.0,-0.93326
2523,-1,-1.0,-0.98520786
2524,1,1.0,1.0345708
2525,1,1.0,1.03147
2526,1,1.0,0.9699635
2527,1,1.0,1.0574903
2528,1,1.0,1.0586716
2529,1,1.0,0.9409718
2530,-1,-1.0,-0.9210525
2531,-1,-1.0,-0.99565524
2532,1,1.0,1.0343636
2533,-1,-1.0,-0.9946454
2534,1,1.0,0.9938138
2535,1,1.0,0.93680245
2536,-1,-1.0,-1.0080568
2537,-1,-1.0,-0.94483644
2538,-1,-1.0,-0.9767788
2539,1,1.0,0.9731334
2540,1,1.0,0.9764133
2541,-1,-1.0,-0.99408334
2542,1,1.0,0.9909273
2543,-1,-1.0,-0.98572344
2544,-1,-1.0,-0.98233956
2545,1,1.0,0.88025314
2546,-1,-1.0,-0.6158159
2547,1,1.0,0.8092599
2548,-1,-1.0,-0.98208076
2549,-1,-1.0,-0.93023974
2550,-1,-1.0,-0.91267353
2551,-1,-1.0,-0.92068917
2552,-1,-1.0,-0.9186583
2553,-1,-1.0,-0.9114981
2554,-1,-1.0,-0.9100824
2555,-1,-1.0,-0.91709644
2556,-1,-1.0,-0.9286695
2557,-1,-1.0,-0.96315557
2558,1,1.0,0.9768128
2559,-1,-1.0,-1.0304201
2560,-1,-1.0,-0.99417764
2561,1,1.0,0.732431
2562,1,1.0,0.92423266
2563,-1,-1.0,-0.8697055
2564,-1,-1.0,-0.9534283
2565,-1,-1.0,-0.96859246
2566,1,1.0,0.9459248
2567,-1,-1.0,-0.9681601
2568,1,1.0,0.96391827
2569,1,1.0,1.0509895
2570,-1,-1.0,-0.9543701
2571,-1,-1.0,-0.94271594
2572,-1,-1.0,-0.9144564
2573,-1,-1.0,-0.9222885
2574,-1,-1.0,-0.93113285
2575,-1,-1.0,-0.96399766
2576,1,1.0,1.0135456
2577,1,1.0,1.012211
2578,-1,-1.0,-1.1420221
2579,1,1.0,1.205244
2580,-1,-1.0,-1.0154953
2581,-1,-1.0,-0.9370342
2582,-1,-1.0,-0.9192355
2583,-1,-1.0,-0.919468
2584,-1,-1.0,-0.9326113
2585,-1,-1.0,-0.98486394
2586,1,1.0,0.9585761
2587,-1,-1.0,-0.9968079
2588,1,1.0,0.8097412
2589,1,1.0,1.0832644
2590,-1,-1.0,-0.25881273
2591,-1,-1.0,-1.0108765
2592,1,1.0,1.0072039
2593,1,1.0,1.0142531
2594,1,1.0,1.0223641
2595,-1,-1.0,-0.95638114
2596,1,1.0,0.7239035
2597,-1,-1.0,-1.1717567
2598,1,1.0,0.7650233
2599,-1,-1.0,-1.0135492
2600,1,1.0,1.0275612
2601,1,1.0,1.0008225
2602,1,1.0,1.0339148
2603,-1,-1.0,-0.9074753
2604,-1,-1.0,-1.0401621
2605,1,1.0,1.038187
2606,1,1.0,0.97309864
2607,-1,-1.0,-1.0075736
2608,-1,-1.0,-0.9625283
2609,1,1.0,0.95053643
2610,-1,-1.0,-1.0132716
2611,1,1.0,0.9853794
2612,-1,-1.0,-0.48825973
2613,1,1.0,0.19942643
2614,-1,-1.0,-0.30887055
2615,1,1.0,1.0427601
2616,-1,-1.0,-1.0014566
2617,-1,-1.0,-0.9481507
2618,-1,-1.0,-0.97019905
2619,1,1.0,0.9235012
2620,-1,-1.0,-1.0057291
2621,-1,-1.0,-0.94382244
2622,-1,-1.0,-0.92838293
2623,-1,-1.0,-0.9781528
2624,1,1.0,0.91135895
2625,-1,-1.0,-1.0084496
2626,-1,-1.0,-0.9832632
2627,1,1.0,0.9353537
2628,-1,-1.0,-0.9835488
2629,-1,-1.0,-0.95819956
2630,-1,-1.0,-0.9706648
2631,1,1.0,0.91790026
2632,-1,-1.0,-1.0350261
2633,1,1.0,0.9972201
2634,1,1.0,1.0382106
2635,1,1.0,1.0266526
2636,-1,-1.0,-1.0536051
2637,1,1.0,1.0191315
2638,1,1.0,0.9819286
2639,1,1.0,1.01798
2640,-1,-1.0,-0.91437155
2641,1,1.0,1.0078683
2642,1,1.0,0.9610328
2643,1,1.0,1.0223445
2644,1,1.0,1.0577941
2645,-1,-1.0,-0.928062
2646,1,1.0,0.9070292
2647,1,1.0,0.9252713
2648,-1,-1.0,-0.9693106
2649,1,1.0,0.35077304
2650,-1,-1.0,-0.97430366
2651,-1,-1.0,-0.989412
2652,1,1.0,1.0003413
2653,1,1.0,0.9830445
2654,-1,-1.0,-1.0610046
2655,1,1.0,0.9983193
2656,1,1.0,1.0319173
2657,-1,-1.0,-1.0572689
2658,-1,-1.0,-0.9565137
2659,-1,-1.0,-0.97555405
2660,1,1.0,0.8963713
2661,-1,-1.0,-0.98143905
2662,1,1.0,0.9915932
2663,1,1.0,0.99615896
2664,-1,-1.0,-1.0260694
2665,-1,-1.0,-0.9533394
2666,-1,-1.0,-0.96979684
2667,1,1.0,0.9175361
2668,-1,-1.0,-1.0132294
2669,1,1.0,1.1325753
2670,-1,-1.0,-0.6689679
2671,1,1.0,0.9133107
2672,-1,-1.0,-0.9939677
2673,-1,-1.0,-0.9877803
2674,1,1.0,0.9993311
2675,1,1.0,0.9735326
2676,-1,-1.0,-1.0394278
2677,-1,-1.0,-0.9880212
2678,1,1.0,1.0316272
2679,-1,-1.0,-0.9927164
2680,-1,-1.0,-0.9508677
2681,-1,-1.0,-0.9189387
2682,-1,-1.0,-0.96601933
2683,1,1.0,1.0940547
2684,-1,-1.0,-0.99154466
2685,1,1.0,1.2462322
2686,-1,-1.0,-0.96370894
2687,-1,-1.0,-0.93212587
2688,-1,-1.0,-0.9681924
2689,1,1.0,0.9387225
2690,-1,-1.0,-1.008259
2691,-1,-1.0,-0.94197017
2692,-1,-1.0,-0.9131389
2693,-1,-1.0,-0.93400675
2694,-1,-1.0,-0.97362083
2695,1,1.0,0.9795513
2696,-1,-1.0,-0.97672135
2697,1,1.0,0.9980677
2698,-1,-1.0,-1.0390165
2699,1,1.0,0.96448606
2700,-1,-1.0,-1.0009084
2701,-1,-1.0,-0.9789439
2702,1,1.0,0.9681495
2703,1,1.0,1.03002
2704,1,1.0,1.0789173
2705,-1,-1.0,-1.0151253
2706,1,1.0,0.92747754
2707,1,1.0,1.0133156
2708,-1,-1.0,-0.9368263
2709,-1,1.0,-0.41531056
2710,-1,-1.0,-0.9802187
2711,-1,-1.0,-0.9935722
2712,1,1.0,0.9708496
2713,1,1.0,1.028967
2714,-1,-1.0,-1.0643513
2715,1,1.0,1.0038564
2716,1,1.0,0.9588781
2717,-1,-1.0,-1.014257
2718,1,1.0,0.76292807
2719,-1,-1.0,-0.9947223
2720,-1,-1.0,-0.98923284
2721,1,1.0,0.84590596
2722,-1,-1.0,-0.98106116
2723,-1,-1.0,-0.98206955
2724,1,1.0,0.99166995
2725,1,1.0,1.0499374
2726,1,1.0,1.0265601
2727,1,1.0,1.0324594
2728,1,1.0,1.0421438
2729,1,1.0,1.1734622
2730,-1,-1.0,-0.9924312
2731,1,1.0,0.92387384
2732,1,1.0,0.9476679
2733,-1,-1.0,-1.0892637
2734,-1,-1.0,-0.99543864
2735,1,1.0,1.0161247
2736,1,1.0,0.9824179
2737,-1,-1.0,-1.0521138
2738,1,1.0,0.69567096
2739,-1,-1.0,-1.0021712
2740,-1,-1.0,-0.97745115
2741,1,1.0,0.8984237
2742,-1,-1.0,-1.0074431
2743,-1,-1.0,-0.9937982
2744,1,1.0,1.0022357
2745,1,1.0,0.975048
2746,1,1.0,1.0599118
2747,1,1.0,1.0354017
2748,1,1.0,1.0390468
2749,1,1.0,1.054151
2750,1,1.0,1.0484982
2751,1,1.0,1.0461642
2752,1,1.0,1.0385283
2753,-1,-1.0,-0.7975927
2754,-1,-1.0,-1.0149151
2755,1,1.0,1.0072901
2756,1,1.0,1.0298512
2757,1,1.0,0.99263024
2758,1,1.0,0.99886364
2759,1,1.0,1.0127416
2760,1,1.0,1.0432734
2761,1,1.0,1.0490911
2762,-1,-1.0,-0.93824536
2763,1,1.0,0.5347087
2764,-1,-1.0,-0.9467351
2765,-1,-1.0,-0.95070034
2766,-1,-1.0,-0.97908205
2767,1,1.0,0.98226243
2768,1,1.0,1.004175
2769,1,1.0,1.0112002
2770,-1,-1.0,-1.0387902
2771,-1,-1.0,-1.0632983
2772,1,1.0,0.9786015
2773,-1,-1.0,-0.9901523
2774,-1,-1.0,-0.95276576
2775,-1,-1.0,-0.99203664
2776,1,1.0,0.9285231
2777,-1,-1.0,-0.99822956
2778,-1,-1.0,-0.9419833
2779,-1,-1.0,-0.90599686
2780,-1,-1.0,-0.9327498
2781,-1,-1.0,-0.9730076
2782,1,1.0,1.0330635
2783,1,1.0,1.0555061
2784,1,1.0,1.0222814
2785,-1,-1.0,-1.1534373
2786,-1,-1.0,-1.0299441
2787,1,1.0,0.9230786
2788,-1,-1.0,-0.9439631
2789,1,1.0,0.98975474
2790,1,1.0,0.9950127
2791,1,1.0,1.0386612
2792,-1,-1.0,-1.0757697
2793,1,1.0,0.69350934
2794,1,1.0,0.9753829
2795,1,1.0,1.0331205
2796,1,1.0,1.0547662
2797,1,1.0,1.0332538
2798,-1,-1.0,-0.92964274
2799,1,1.0,0.6233346
2800,-1,-1.0,-0.73788184
2801,1,1.0,1.0370542
2802,-1,-1.0,-0.9954485
2803,-1,-1.0,-0.9850722
2804,1,1.0,1.0056455
2805,1,1.0,1.0217786
2806,1,1.0,1.0141469
2807,1,1.0,1.021434
2808,-1,-1.0,-0.9330588
2809,1,1.0,1.0011449
2810,1,1.0,0.94082516
2811,-1,-1.0,-0.897378
2812,1,1.0,0.8580778
2813,-1,-1.0,-0.97489125
2814,-1,-1.0,-0.94360214
2815,-1,-1.0,-0.91363627
2816,-1,-1.0,-0.91239125
2817,-1,-1.0,-0.9374102
2818,-1,-1.0,-0.96844286
2819,1,1.0,0.9269236
2820,-1,-1.0,-1.1366156
2821,1,1.0,1.0106097
2822,-1,-1.0,-0.9749237
2823,-1,-1.0,-0.92795545
2824,-1,-1.0,-0.92923146
2825,-1,-1.0,-0.9697736
2826,1,1.0,1.0028933
2827,1,1.0,1.0152842
2828,1,1.0,1.0564907
2829,1,1.0,1.024502
2830,1,1.0,1.0537192
2831,1,1.0,1.0801197
2832,1,1.0,0.76305884
2833,-1,-1.0,-0.874229
2834,-1,-1.0,-1.0023682
2835,1,1.0,1.0267746
2836,-1,-1.0,-0.8659032
2837,1,1.0,1.0529134
2838,1,1.0,0.955583
2839,-1,-1.0,-0.97308224
2840,1,1.0,1.0080734
2841,1,1.0,1.0179665
2842,1,1.0,1.0231522
2843,-1,-1.0,-0.91096026
2844,-1,-1.0,-1.0338751
2845,1,1.0,0.95502216
2846,1,1.0,1.0287348
2847,-1,-1.0,-1.099033
2848,1,1.0,0.5079773
2849,-1,-1.0,-0.9487451
2850,1,1.0,0.9471149
2851,-1,-1.0,-0.988751
2852,-1,-1.0,-0.98281175
2853,1,1.0,0.9349383
2854,-1,-1.0,-0.98418516
2855,1,1.0,1.0006334
2856,1,1.0,1.0323678
2857,1,1.0,1.0293669
2858,-1,-1.0,-1.0317364
2859,1,1.0,0.9175876
2860,-1,-1.0,-0.9562095
2861,-1,-1.0,-0.9532011
2862,-1,-1.0,-0.96898586
2863,1,1.0,0.94233036
2864,-1,-1.0,-0.959614
2865,-1,-1.0,-0.9409357
2866,-1,-1.0,-0.9193967
2867,-1,-1.0,-0.961247
2868,1,1.0,0.98829347
2869,1,1.0,0.9800908
2870,-1,-1.0,-1.0028646
2871,-1,-1.0,-0.9288855
2872,-1,-1.0,-0.9087556
2873,-1,-1.0,-0.9419356
2874,-1,-1.0,-0.9837765
2875,1,1.0,1.0081224
2876,1,1.0,1.0075161
2877,1,1.0,0.99425286
2878,-1,-1.0,-1.2086606
2879,1,1.0,1.0014498
2880,1,1.0,0.98237437
2881,1,1.0,1.0591617
2882,1,1.0,1.2936311
2883,-1,-1.0,-0.9652832
2884,1,1.0,0.65689534
2885,-1,-1.0,-0.95276254
2886,-1,-1.0,-0.94355065
2887,-1,-1.0,-0.93135124
2888,-1,-1.0,-0.9745286
2889,1,1.0,0.9429362
2890,-1,-1.0,-1.0252104
2891,1,1.0,0.7243184
2892,-1,-1.0,-1.0717498
2893,1,1.0,0.9959349
2894,1,1.0,1.0079228
2895,-1,-1.0,-1.0595798
2896,1,1.0,0.67884576
2897,-1,-1.0,-1.1674149
2898,1,1.0,1.0363402
2899,1,1.0,0.9779969
2900,1,1.0,1.0195152
2901,1,1.0,1.0354677
2902,1,1.0,1.0468163
2903,-1,-1.0,-0.9578323
2904,1,1.0,0.92049325
2905,1,1.0,0.96746725
2906,-1,-1.0,-1.1413841
2907,-1,-1.0,-0.9510215
2908,-1,-1.0,-0.9334653
2909,-1,-1.0,-0.9765497
2910,1,1.0,0.97279274
2911,1,1.0,0.96550006
2912,-1,-1.0,-1.0313932
2913,1,1.0,0.96728534
2914,-1,-1.0,-0.9703737
2915,-1,-1.0,-0.97941583
2916,1,1.0,0.8981266
2917,-1,-1.0,-1.0253124
2918,1,1.0,1.0109677
2919,1,1.0,1.0159972
2920,1,1.0,1.0286821
2921,-1,-1.0,-1.0453124
2922,1,1.0,0.91714525
2923,-1,-1.0,-1.088242
2924,1,1.0,0.9064656
2925,-1,-1.0,-1.0098877
2926,-1,-1.0,-0.9904527
2927,1,1.0,0.9730312
2928,1,1.0,1.0049202
2929,1,1.0,0.99037683
2930,-1,-1.0,-0.97707444
2931,1,1.0,1.0578685
2932,1,1.0,1.0022345
2933,1,1.0,1.0458275
2934,1,1.0,0.89321166
2935,-1,-1.0,-0.85964066
2936,-1,-1.0,-0.9506858
2937,-1,-1.0,-0.9722149
2938,1,1.0,0.9851315
2939,-1,-1.0,-0.9471583
2940,1,1.0,0.910311
2941,-1,-1.0,-0.9672684
2942,-1,-1.0,-0.9383269
2943,-1,-1.0,-0.9638136
2944,1,1.0,0.9739441
2945,1,1.0,1.0135767
2946,-1,-1.0,-1.054085
2947,-1,-1.0,-0.9888111
2948,1,1.0,0.9601322
2949,1,1.0,0.9822061
2950,1,1.0,1.0275466
2951,1,1.0,1.0159694
2952,-1,-1.0,-1.0605552
2953,1,1.0,0.96663797
2954,1,1.0,0.9885128
2955,1,1.0,1.0208489
2956,-1,-1.0,-0.84137017
2957,-1,-1.0,-1.0306083
2958,1,1.0,1.0465308
2959,1,1.0,0.96100205
2960,-1,-1.0,-1.0040774
2961,-1,-1.0,-0.95252424
2962,-1,-1.0,-0.968543
2963,1,1.0,0.9249
2964,-1,-1.0,-0.9981485
2965,1,1.0,1.0029749
2966,1,1.0,1.0439489
2967,1,1.0,1.0300136
2968,1,1.0,1.0309781
2969,-1,-1.0,-0.9865001
2970,-1,-1.0,-1.0442457
2971,1,1.0,1.0529529
2972,1,1.0,0.9441176
2973,-1,-1.0,-1.2551332
2974,1,1.0,1.0014278
2975,1,1.0,1.0044975
2976,-1,-1.0,-1.0115085
2977,-1,-1.0,-0.93563896
2978,-1,-1.0,-0.9147139
2979,-1,-1.0,-0.92742544
2980,-1,-1.0,-0.9210506
2981,-1,-1.0,-0.9211598
2982,-1,-1.0,-0.9643282
2983,1,1.0,0.98580635
2984,-1,-1.0,-1.0347372
2985,-1,-1.0,-0.97721905
2986,1,1.0,0.8341564
2987,-1,-1.0,-0.95015997
2988,1,1.0,0.61278045
2989,-1,-1.0,-1.005863
2990,1,1.0,1.0051962
2991,1,1.0,1.043416
2992,1,1.0,1.0321759
2993,1,1.0,1.0492281
2994,1,1.0,1.0209798
2995,-1,-1.0,-0.96165305
2996,1,1.0,0.91044587
2997,1,1.0,0.92131954
2998,-1,-1.0,-0.8938077
2999,1,1.0,0.8988498
3000,1,1.0,0.9312839
3001,-1,-1.0,-1.1073561
3002,-1,-1.0,-0.9809323
3003,1,1.0,0.8855719
3004,-1,-1.0,-0.8928018
3005,1,1.0,0.9934043
3006,1,1.0,1.0273143
3007,1,1.0,1.0475024
3008,-1,-1.0,-0.9653047
3009,1,1.0,1.0529685
3010,1,1.0,0.9867237
3011,1,1.0,1.0333961
3012,1,1.0,1.0475829
3013,1,1.0,1.0020347
3014,-1,-1.0,-0.95629305
3015,1,1.0,0.034333237
3016,-1,-1.0,-1.1342646
3017,1,1.0,1.0217983
3018,-1,-1.0,-0.9838694
3019,-1,-1.0,-0.95088345
3020,-1,-1.0,-0.9745379
3021,1,1.0,1.0015996
3022,1,1.0,1.0050755
3023,-1,-1.0,-0.97621995
3024,-1,-1.0,-0.9333511
3025,-1,-1.0,-0.9270795
3026,-1,-1.0,-0.97768384
3027,1,1.0,0.9776125
3028,-1,-1.0,-0.99882895
3029,1,1.0,0.9915162
3030,1,1.0,1.048308
3031,1,1.0,1.0630404
3032,-1,-1.0,-1.062104
3033,-1,-1.0,-0.9887968
3034,-1,-1.0,-0.91728526
3035,-1,-1.0,-0.94508773
3036,-1,-1.0,-0.97315913
3037,1,1.0,0.9171286
3038,-1,-1.0,-1.082015
3039,1,1.0,1.0030625
3040,1,1.0,1.0227919
3041,-1,-1.0,-0.84202844
3042,-1,-1.0,-0.94511634
3043,-1,-1.0,-0.98559123
3044,1,1.0,0.99662876
3045,1,1.0,1.0063746
3046,1,1.0,1.0260102
3047,-1,-1.0,-1.0803413
3048,-1,-1.0,-0.97169644
3049,-1,-1.0,-0.9175628
3050,-1,-1.0,-0.9244018
3051,-1,-1.0,-0.9286886
3052,-1,-1.0,-0.967971
3053,1,1.0,0.9676001
3054,-1,-1.0,-1.0232363
3055,-1,-1.0,-0.9847997
3056,1,1.0,0.6792411
3057,-1,-1.0,-0.5946121
3058,1,1.0,0.39467835
3059,-1,-1.0,-0.90460044
3060,1,1.0,0.9999494
3061,1,1.0,1.0160028
3062,-1,-1.0,-1.0016758
3063,1,1.0,0.47052222
3064,-1,-1.0,-0.83096313
3065,1,1.0,0.5051194
3066,-1,-1.0,-0.43809932
3067,1,1.0,0.030848756
3068,-1,-1.0,-0.08058341
3069,-1,1.0,-0.18171017
3070,-1,-1.0,-0.13766842
3071,1,1.0,0.9435679
3072,-1,-1.0,-0.9911917
3073,-1,-1.0,-0.9378665
3074,-1,-1.0,-0.9279502
3075,-1,-1.0,-1.0530514
3076,1,1.0,0.96750623
3077,1,1.0,0.9957817
3078,-1,-1.0,-1.0727332
3079,1,1.0,0.8793885
3080,-1,-1.0,-0.98055273
3081,-1,-1.0,-0.9307223
3082,-1,-1.0,-0.93513805
3083,-1,-1.0,-0.97877616
3084,1,1.0,0.9591297
3085,-1,-1.0,-0.8677934
3086,-1,-1.0,-0.9526096
3087,-1,-1.0,-0.9583655
3088,1,1.0,1.0047203
3089,1,1.0,1.0542113
3090,-1,-1.0,-0.94423467
3091,-1,-1.0,-0.93015915
3092,-1,-1.0,-0.9220043
3093,-1,-1.0,-0.94055516
3094,-1,-1.0,-0.97963864
3095,1,1.0,1.0398355
3096,1,1.0,0.9332898
3097,-1,-1.0,-1.0962414
3098,1,1.0,1.0786388
3099,-1,-1.0,-0.97215146
3100,-1,-1.0,-0.9405957
3101,-1,-1.0,-0.9367233
3102,-1,-1.0,-0.98657817
3103,1,1.0,1.0074447
3104,1,1.0,0.99666464
3105,-1,-1.0,-1.0254397
3106,-1,-1.0,-0.94931227
3107,-1,-1.0,-0.98169607
3108,1,1.0,0.98291713
3109,1,1.0,0.40359688
3110,-1,-1.0,-1.0795743
3111,-1,-1.0,-0.9391859
3112,-1,-1.0,-0.9275566
3113,-1,-1.0,-0.9774677
3114,1,1.0,0.99566644
3115,-1,-1.0,-0.95314306
3116,1,1.0,0.47952807
3117,-1,-1.0,-0.8730566
3118,1,1.0,0.76698357
3119,-1,-1.0,-0.9690017
3120,-1,-1.0,-0.9524625
3121,-1,-1.0,-0.9697961
3122,1,1.0,0.9354714
3123,-1,-1.0,-1.0284706
3124,-1,-1.0,-0.9499553
3125,-1,-1.0,-0.92473966
3126,-1,-1.0,-0.97907215
3127,1,1.0,0.9916217
3128,1,1.0,1.0373179
3129,1,1.0,1.022987
3130,-1,-1.0,-1.2012959
3131,1,1.0,0.9846677
3132,-1,-1.0,-0.972797
3133,-1,-1.0,-0.9868992
3134,1,1.0,0.82202417
3135,-1,-1.0,-1.0225091
3136,-1,-1.0,-0.9568551
3137,-1,-1.0,-0.9681844
3138,1,1.0,0.99533165
3139,1,1.0,1.021077
3140,-1,-1.0,-0.9102779
3141,-1,-1.0,-0.9251273
3142,-1,-1.0,-0.93213874
3143,-1,-1.0,-0.9824559
3144,1,1.0,0.92961675
3145,-1,-1.0,-1.0142387
3146,-1,-1.0,-0.9728556
3147,1,1.0,1.0200483
3148,1,1.0,1.0401314
3149,1,1.0,0.9343672
3150,-1,-1.0,-1.0218916
3151,-1,-1.0,-0.9692505
3152,-1,-1.0,-0.9193705
3153,-1,-1.0,-0.92160803
3154,-1,-1.0,-0.91833216
3155,-1,-1.0,-0.9188817
3156,-1,-1.0,-0.9111255
3157,-1,-1.0,-0.9253712
3158,-1,-1.0,-0.87606496
3159,1,1.0,0.98385936
3160,1,1.0,0.9836926
3161,1,1.0,1.0385683
3162,-1,-1.0,-1.1521213
3163,-1,-1.0,-1.0200771
3164,1,1.0,0.9698271
3165,1,1.0,0.9854626
3166,-1,-1.0,-0.97688717
3167,-1,-1.0,-0.9558125
3168,-1,-1.0,-0.9678357
3169,1,1.0,0.95119697
3170,1,1.0,0.9800857
3171,-1,-1.0,-1.0566905
3172,-1,-1.0,-1.0033394
3173,1,1.0,0.98959893
3174,1,1.0,1.0352857
3175,1,1.0,1.0434425
3176,-1,-1.0,-1.0033584
3177,1,1.0,0.7730716
3178,-1,-1.0,-0.9660836
3179,-1,-1.0,-0.9557548
3180,-1,-1.0,-1.0340815
3181,1,1.0,0.89454526
3182,-1,-1.0,-0.9813172
3183,1,1.0,0.98176426
3184,1,1.0,1.0134149
3185,-1,-1.0,-1.1207471
3186,1,1.0,0.91089886
3187,1,1.0,1.0075278
3188,-1,-1.0,-1.0070791
3189,1,1.0,0.97141594
3190,1,1.0,1.0061331
3191,1,1.0,1.0208075
3192,1,1.0,1.0688696
3193,-1,-1.0,-0.94739085
3194,1,1.0,0.95131594
3195,1,1.0,0.96247286
3196,1,1.0,0.9938183
3197,-1,-1.0,-0.83367306
3198,-1,-1.0,-0.9856172
3199,-1,-1.0,-0.98378116
3200,1,1.0,0.9855604
3201,1,1.0,1.0346816
3202,1,1.0,1.0437529
3203,-1,-1.0,-0.97814256
3204,1,1.0,0.7486653
3205,-1,-1.0,-1.3274897
3206,1,1.0,1.0502349
3207,1,1.0,0.9906164
3208,1,1.0,1.0371393
3209,1,1.0,1.0630724
3210,-1,-1.0,-0.8993841
3211,-1,-1.0,-1.0402083
3212,1,1.0,0.95470077
3213,1,1.0,0.98984146
3214,-1,-1.0,-1.1007414
3215,-1,-1.0,-0.9948898
3216,1,1.0,0.9690551
3217,1,1.0,1.0174127
3218,1,1.0,1.0310957
3219,-1,-1.0,-0.98672694
3220,1,1.0,0.6984224
3221,-1,-1.0,-0.97967154
3222,-1,-1.0,-0.9870209
3223,1,1.0,0.90419704
3224,-1,-1.0,-0.9873106
3225,-1,-1.0,-0.98616344
3226,1,1.0,0.9857142
3227,1,1.0,0.99936527
3228,-1,-1.0,-1.0141165
3229,-1,-1.0,-0.93743545
3230,-1,-1.0,-0.9038058
3231,-1,-1.0,-0.92856675
3232,-1,-1.0,-1.0631704
3233,1,1.0,0.9698423
3234,-1,-1.0,-1.0193934
3235,-1,-1.0,-0.93888646
3236,-1,-1.0,-0.9022003
3237,-1,-1.0,-0.91989857
3238,-1,-1.0,-0.91098505
3239,-1,-1.0,-0.9225798
3240,-1,-1.0,-0.95654994
3241,1,1.0,1.0294236
3242,-1,-1.0,-0.94493264
3243,1,1.0,0.816957
3244,1,1.0,1.0509138
3245,-1,-1.0,-0.96982557
3246,-1,-1.0,-0.9381023
3247,-1,-1.0,-0.91435796
3248,-1,-1.0,-0.92973953
3249,-1,-1.0,-0.9191206
3250,-1,-1.0,-0.92642266
3251,-1,-1.0,-0.9757325
3252,1,1.0,0.98602974
3253,1,1.0,0.9771142
3254,1,1.0,1.1513164
3255,1,1.0,1.0379586
3256,-1,-1.0,-1.1249456
3257,-1,-1.0,-1.0249337
3258,1,1.0,0.99101454
3259,-1,-1.0,-0.96870464
3260,1,1.0,0.9637473
3261,1,1.0,0.9083487
3262,-1,-1.0,-0.87148255
3263,1,1.0,0.9904026
3264,1,1.0,0.9759848
3265,1,1.0,1.0205344
3266,-1,-1.0,-0.87781054
3267,-1,-1.0,-0.9642983
3268,-1,-1.0,-0.91516215
3269,-1,-1.0,-0.9232388
3270,-1,-1.0,-0.9189287
3271,-1,-1.0,-0.93125015
3272,-1,-1.0,-0.9865505
3273,1,1.0,0.93757004
3274,-1,-1.0,-0.8814029
3275,-1,-1.0,-0.9878805
3276,1,1.0,1.0138729
3277,1,1.0,0.95416576
3278,-1,-1.0,-0.87932235
3279,-1,-1.0,-0.9453586
3280,-1,-1.0,-0.912401
3281,-1,-1.0,-0.93751484
3282,-1,-1.0,-0.9726539
3283,1,1.0,0.9510621
3284,-1,-1.0,-1.0155711
3285,-1,-1.0,-0.95916086
3286,-1,-1.0,-0.96732146
3287,1,1.0,1.0117208
3288,1,1.0,1.055997
3289,-1,-1.0,-0.9175691
3290,-1,-1.0,-0.95200497
3291,-1,-1.0,-0.9765726
3292,1,1.0,0.8853927
3293,-1,-1.0,-0.9513337
3294,1,1.0,1.0124214
3295,1,1.0,1.0721705
3296,1,1.0,1.0423535
3297,1,1.0,1.0488113
3298,-1,-1.0,-1.0508795
3299,1,1.0,0.98368603
3300,1,1.0,0.980207
3301,-1,-1.0,-1.0292867
3302,-1,-1.0,-0.97128874
3303,1,1.0,0.98309743
3304,1,1.0,1.0023234
3305,1,1.0,1.0536736
3306,-1,-1.0,-0.9086676
3307,1,1.0,0.9977693
3308,1,1.0,0.9947004
3309,-1,-1.0,-1.0530763
3310,-1,-1.0,-0.992358
3311,1,1.0,0.97252804
3312,1,1.0,1.0162277
3313,1,1.0,1.0100691
3314,1,1.0,1.0850574
3315,-1,-1.0,-1.0200973
3316,1,1.0,0.7998698
3317,-1,-1.0,-0.9666005
3318,-1,-1.0,-0.98068863
3319,1,1.0,0.92194414
3320,-1,-1.0,-0.98862535
3321,-1,-1.0,-0.96083933
3322,-1,-1.0,-0.9665019
3323,1,1.0,0.93046635
3324,-1,-1.0,-1.0572634
3325,1,1.0,0.7995772
3326,-1,-1.0,-0.81661135
3327,1,1.0,1.0011444
3328,1,1.0,1.0541751
3329,1,1.0,1.035794
3330,-1,-1.0,-0.93878084
3331,1,1.0,0.9848856
3332,1,1.0,0.93261033
3333,-1,-1.0,-0.8949016
3334,1,1.0,0.9548827
3335,1,1.0,0.7944818
3336,-1,-1.0,-1.0924404
3337,-1,-1.0,-1.0003471
3338,1,1.0,0.8540197
3339,-1,-1.0,-0.95101374
3340,1,1.0,1.0096666
3341,1,1.0,0.99933064
3342,1,1.0,1.0173798
3343,1,1.0,1.0118034
3344,-1,-1.0,-0.9975669
3345,1,1.0,0.82157356
3346,-1,-1.0,-0.95745605
3347,-1,-1.0,-0.9553967
3348,-1,-1.0,-0.9713455
3349,1,1.0,1.0314018
3350,1,1.0,0.968638
3351,-1,-1.0,-1.018865
3352,1,1.0,0.9640621
3353,1,1.0,1.0249044
3354,-1,-1.0,-1.0009489
3355,1,1.0,0.8568712
3356,-1,-1.0,-0.9576648
3357,-1,-1.0,-0.95059067
3358,-1,-1.0,-0.9697011
3359,1,1.0,0.9361731
3360,-1,-1.0,-1.0182663
3361,-1,-1.0,-0.9441808
3362,-1,-1.0,-0.90550715
3363,-1,-1.0,-0.93035895
3364,-1,-1.0,-0.9740117
3365,1,1.0,1.0152628
3366,1,1.0,0.9944897
3367,-1,-1.0,-1.1579269
3368,1,1.0,1.348423
3369,-1,-1.0,-0.99864656
3370,-1,-1.0,-0.98831624
3371,1,1.0,0.76864386
3372,-1,-1.0,-0.9861905
3373,-1,-1.0,-0.95546013
3374,-1,-1.0,-0.96778065
3375,1,1.0,0.92425096
3376,-1,-1.0,-1.0600227
3377,1,1.0,0.9771487
3378,1,1.0,1.0092236
3379,-1,-1.0,-0.98889595
3380,-1,-1.0,-0.9358011
3381,-1,-1.0,-0.91437227
3382,-1,-1.0,-0.9406083
3383,-1,-1.0,-0.9792338
3384,1,1.0,1.003348
3385,1,1.0,0.97718424
3386,-1,-1.0,-1.0895259
3387,1,1.0,1.0204434
3388,1,1.0,1.0688615
3389,1,1.0,1.0266547
3390,-1,-1.0,-1.0095618
3391,1,1.0,0.79648024
3392,-1,-1.0,-0.96751565
3393,-1,-1.0,-0.95861346
3394,-1,-1.0,-0.9733339
3395,1,1.0,0.9191321
3396,-1,-1.0,-1.0037353
3397,-1,-1.0,-0.98861426
3398,1,1.0,1.0027769
3399,1,1.0,0.9959319
3400,-1,-1.0,-0.94098717
3401,-1,-1.0,-0.9509612
3402,-1,-1.0,-0.97529215
3403,1,1.0,1.004641
3404,1,1.0,0.9603048
3405,-1,-1.0,-1.0083365
3406,1,1.0,0.99591476
3407,1,1.0,1.0423267
3408,-1,-1.0,-1.0555063
3409,-1,-1.0,-0.95560366
3410,-1,-1.0,-0.9700257
3411,1,1.0,0.93547565
3412,-1,-1.0,-0.9938342
3413,-1,-1.0,-0.9528714
3414,-1,-1.0,-0.9137235
3415,-1,-1.0,-0.93005663
3416,-1,-1.0,-0.9668905
3417,1,1.0,0.96984893
3418,-1,-1.0,-1.0599482
3419,1,1.0,0.8742021
3420,1,1.0,0.97343856
3421,-1,-1.0,-1.1168804
3422,1,1.0,0.7944486
3423,-1,-1.0,-1.0617578
3424,1,1.0,1.0062137
3425,1,1.0,1.0056131
3426,1,1.0,1.0420983
3427,1,1.0,1.0674428
3428,1,1.0,1.0062158
3429,-1,-1.0,-0.97089726
3430,1,1.0,0.10839598
3431,-1,-1.0,-1.0405276
3432,1,1.0,0.9994125
3433,1,1.0,0.9224209
3434,-1,-1.0,-0.90821403
3435,1,1.0,1.0136497
3436,1,1.0,0.9923649
3437,1,1.0,1.015787
3438,-1,-1.0,-0.939256
3439,1,1.0,0.9818941
3440,1,1.0,0.94725174
3441,1,1.0,1.0148066
3442,1,1.0,1.0417067
3443,1,1.0,1.0631951
3444,-1,-1.0,-0.91472656
3445,-1,-1.0,-1.0288248
3446,1,1.0,1.0426236
3447,-1,-1.0,-0.9857853
3448,-1,-1.0,-0.9846447
3449,1,1.0,1.0023212
3450,-1,-1.0,-0.99981016
3451,-1,-1.0,-0.9566446
3452,-1,-1.0,-0.96684307
3453,1,1.0,1.0256513
3454,1,1.0,1.0646548
3455,1,1.0,1.057028
3456,1,1.0,1.0314867
3457,1,1.0,1.0356264
3458,1,1.0,1.0932479
3459,1,1.0,1.5049694
3460,-1,-1.0,-0.9098025
3461,-1,1.0,-0.27855462
3462,-1,-1.0,-0.1741756
3463,1,1.0,1.1528225
3464,-1,-1.0,-0.9729257
3465,-1,-1.0,-0.9356244
3466,-1,-1.0,-0.92654186
3467,-1,-1.0,-0.9209376
3468,-1,-1.0,-0.9252742
3469,-1,-1.0,-0.9510303
3470,1,1.0,1.0023433
3471,1,1.0,0.9583146
3472,-1,-1.0,-1.1309218
3473,1,1.0,1.227908
3474,-1,-1.0,-0.73319626
3475,-1,1.0,-0.34847718
3476,1,-1.0,0.24474683
3477,1,1.0,0.91250426
3478,-1,-1.0,-0.99627894
3479,-1,-1.0,-0.9868807
3480,1,1.0,0.9418243
3481,-1,-1.0,-1.0003939
3482,1,1.0,1.0199046
3483,1,1.0,1.0166429
3484,-1,-1.0,-1.0023509
3485,-1,-1.0,-0.99545664
3486,1,1.0,0.9545652
3487,-1,-1.0,-1.0086861
3488,-1,-1.0,-0.9588147
3489,-1,-1.0,-0.9691052
3490,1,1.0,1.0144587
3491,1,1.0,0.9783809
3492,-1,-1.0,-1.0018914
3493,1,1.0,1.0097967
3494,-1,-1.0,-1.1864076
3495,1,1.0,1.0492482
3496,1,1.0,1.0337389
3497,-1,-1.0,-1.0224471
3498,1,1.0,0.6488268
3499,-1,-1.0,-0.9798462
3500,-1,-1.0,-0.9820662
3501,1,1.0,0.85037553
3502,-1,-1.0,-1.0039804
3503,-1,-1.0,-0.95715624
3504,-1,-1.0,-0.9704625
3505,1,1.0,1.003117
3506,1,1.0,1.0588112
3507,1,1.0,1.0184863
3508,1,1.0,0.86062974
3509,-1,-1.0,-0.8770501
3510,-1,-1.0,-0.95859057
3511,1,1.0,0.93969303
3512,-1,-1.0,-0.98566574
3513,-1,-1.0,-0.97824246
3514,1,1.0,0.9720675
3515,1,1.0,0.97754014
3516,-1,-1.0,-1.0445312
3517,-1,-1.0,-0.9921158
3518,1,1.0,0.99453014
3519,-1,-1.0,-0.9912489
3520,-1,-1.0,-0.9477268
3521,-1,-1.0,-0.9282754
3522,-1,-1.0,-0.9657747
3523,1,1.0,0.9860342
3524,1,1.0,1.0098538
3525,-1,-1.0,-1.0994171
3526,1,1.0,1.0183771
3527,1,1.0,1.0394794
3528,1,1.0,1.0444133
3529,-1,-1.0,-0.92361766
3530,-1,-1.0,-1.017489
3531,1,1.0,0.95584327
3532,1,1.0,0.9840724
3533,-1,-1.0,-1.0712095
3534,1,1.0,1.0162612
3535,1,1.0,0.989984
3536,-1,-1.0,-1.0753266
3537,-1,-1.0,-0.9960286
3538,1,1.0,0.9094834
3539,-1,-1.0,-1.017884
3540,1,1.0,1.0297048
3541,-1,-1.0,-1.0013726
3542,-1,-1.0,-0.98071045
3543,1,1.0,0.96114475
3544,-1,-1.0,-0.8029588
3545,1,1.0,0.779948
3546,-1,-1.0,-1.0307233
3547,1,1.0,0.99381953
3548,1,1.0,1.0059078
3549,1,1.0,1.0308242
3550,1,1.0,1.0408778
3551,1,1.0,1.0439448
3552,1,1.0,1.0577813
3553,1,1.0,1.0618869
3554,-1,-1.0,-0.848692
3555,-1,-1.0,-1.0071481
3556,1,1.0,1.0226666
3557,1,1.0,1.0282689
3558,-1,-1.0,-1.059155
3559,1,1.0,1.0604861
3560,1,1.0,1.018617
3561,1,1.0,1.0466573
3562,-1,-1.0,-0.9132481
3563,-1,-1.0,-1.0556529
3564,1,1.0,1.0045382
3565,1,1.0,0.9848965
3566,-1,-1.0,-1.0446947
3567,-1,-1.0,-0.95332056
3568,-1,-1.0,-0.9662033
3569,1,1.0,0.92469925
3570,-1,-1.0,-1.0185707
3571,-1,-1.0,-0.9410649
3572,-1,-1.0,-0.9059363
3573,-1,-1.0,-0.9272948
3574,-1,-1.0,-0.93689996
3575,-1,-1.0,-0.9562412
3576,1,1.0,1.0107771
3577,1,1.0,1.0260113
3578,1,1.0,1.0786859
3579,1,1.0,1.0532124
3580,1,1.0,1.0519682
3581,1,1.0,1.0860528
3582,1,1.0,1.0759722
3583,1,1.0,0.9372264
3584,-1,-1.0,-0.8354929
3585,-1,-1.0,-0.99521357
3586,1,1.0,1.02057
3587,1,1.0,1.0085475
3588,1,1.0,1.0130885
3589,-1,-1.0,-0.8750141
3590,-1,-1.0,-0.9976874
3591,-1,-1.0,-0.9762717
3592,1,1.0,1.017672
3593,1,1.0,1.0235987
3594,-1,-1.0,-1.0212836
3595,-1,-1.0,-0.93478376
3596,-1,-1.0,-0.93026716
3597,-1,-1.0,-0.9680075
3598,1,1.0,0.9871809
3599,1,1.0,0.99354154
3600,1,1.0,1.0219373
3601,-1,-1.0,-1.1362545
3602,1,1.0,0.95104855
3603,-1,-1.0,-1.2341712
3604,1,1.0,0.8226826
3605,-1,-1.0,-0.8556686
3606,1,1.0,1.0180414
3607,1,1.0,0.98345506
3608,1,1.0,1.0284654
3609,1,1.0,1.0305405
3610,-1,-1.0,-0.84554964
3611,-1,-1.0,-0.9513112
3612,-1,-1.0,-0.937368
3613,-1,-1.0,-0.9841375
3614,1,1.0,1.0190389
3615,1,1.0,1.0475408
3616,1,1.0,1.0651076
3617,1,1.0,0.9443011
3618,-1,-1.0,-1.0113347
3619,-1,-1.0,-0.9800504
3620,-1,-1.0,-0.98382026
3621,1,1.0,1.0323715
3622,1,1.0,1.0014865
3623,1,1.0,1.0105087
3624,1,1.0,1.0509409
3625,-1,-1.0,-0.96657187
3626,-1,-1.0,-0.98185354
3627,-1,-1.0,-0.920446
3628,-1,-1.0,-0.9366234
3629,-1,-1.0,-0.9795137
3630,1,1.0,1.0222002
3631,1,1.0,0.96986264
3632,-1,-1.0,-1.0161126
3633,1,1.0,1.0155934
3634,1,1.0,0.9660098
3635,-1,-1.0,-0.6521253
3636,-1,-1.0,-0.96343154
3637,1,1.0,0.63145965
3638,-1,-1.0,-1.0005572
3639,-1,-1.0,-0.9542783
3640,-1,-1.0,-0.96275634
3641,1,1.0,0.98386395
3642,-1,-1.0,-1.0187792
3643,-1,-1.0,-0.992616
3644,1,1.0,1.0246985
3645,1,1.0,0.95699173
3646,-1,-1.0,-0.95309716
3647,-1,-1.0,-0.9364925
3648,-1,-1.0,-0.9118665
3649,-1,-1.0,-0.9313453
3650,-1,-1.0,-0.9205738
3651,-1,-1.0,-0.9133318
3652,-1,-1.0,-0.91931635
3653,-1,-1.0,-1.0588937
3654,1,1.0,0.98905677
3655,1,1.0,1.0128374
3656,-1,-1.0,-1.1040641
3657,1,1.0,0.96781707
3658,1,1.0,1.0075306
3659,-1,-1.0,-0.98441714
3660,-1,-1.0,-0.95897967
3661,-1,-1.0,-0.98345333
3662,1,1.0,1.0032095
3663,1,1.0,1.0277565
3664,-1,-1.0,-1.0011057
3665,-1,-1.0,-0.94021136
3666,-1,-1.0,-0.9068232
3667,-1,-1.0,-0.91514164
3668,-1,-1.0,-0.9253827
3669,-1,-1.0,-0.9201508
3670,-1,-1.0,-0.9279905
3671,-1,-1.0,-1.0009222
3672,1,1.0,0.97825444
3673,1,1.0,0.9916379
3674,-1,-1.0,-1.1205807
3675,1,1.0,1.183318
3676,-1,-1.0,-1.0776637
3677,1,1.0,1.0139601
3678,1,1.0,0.99337125
3679,-1,-1.0,-0.9738062
3680,1,1.0,0.9876454
3681,1,1.0,0.98097
3682,1,1.0,1.0551119
3683,-1,-1.0,-0.9031549
3684,-1,-1.0,-0.9970756
3685,-1,-1.0,-0.98749834
3686,1,1.0,0.9835985
3687,1,1.0,1.0077895
3688,-1,-1.0,-0.96208006
3689,-1,-1.0,-0.9360648
3690,-1,-1.0,-0.9194265
3691,-1,-1.0,-0.9386285
3692,-1,-1.0,-0.9682415
3693,1,1.0,0.9620215
3694,-1,-1.0,-1.0069284
3695,-1,-1.0,-0.9829578
3696,1,1.0,0.9290368
3697,-1,-1.0,-1.0732031
3698,1,1.0,0.9624106
3699,-1,-1.0,-0.9880008
3700,-1,-1.0,-0.92996556
3701,-1,-1.0,-0.9356347
3702,-1,-1.0,-0.9745411
3703,1,1.0,0.9524381
3704,-1,-1.0,-1.0127441
3705,-1,-1.0,-0.99021834
3706,1,1.0,0.9344763
3707,-1,-1.0,-0.9897291
3708,-1,-1.0,-1.112031
3709,1,1.0,0.9579763
3710,1,1.0,0.9867459
3711,1,1.0,1.0387003
3712,1,1.0,1.0568027
3713,1,1.0,1.0292667
3714,-1,-1.0,-0.9918528
3715,1,1.0,0.9320348
3716,-1,-1.0,-0.990104
3717,1,1.0,1.3065112
3718,-1,-1.0,-0.18276264
3719,-1,1.0,-0.69144547
3720,1,-1.0,0.36081684
3721,1,1.0,0.1579523
3722,-1,-1.0,-0.9834016
3723,-1,-1.0,-1.0201385
3724,1,1.0,0.9242273
3725,1,1.0,1.0068599
3726,1,1.0,1.0424473
3727,1,1.0,1.0736716
3728,-1,-1.0,-1.0139477
3729,1,1.0,0.37589312
3730,-1,-1.0,-0.5047775
3731,1,1.0,1.0155165
3732,-1,-1.0,-1.0032502
3733,-1,-1.0,-0.94806963
3734,-1,-1.0,-0.970836
3735,1,1.0,0.98904973
3736,1,1.0,1.0182165
3737,1,1.0,1.0434896
3738,-1,-1.0,-1.0410452
3739,-1,-1.0,-1.0270889
3740,1,1.0,0.9354965
3741,1,1.0,0.9952328
3742,-1,-1.0,-1.0629747
3743,1,1.0,0.92557365
3744,-1,-1.0,-0.9753588
3745,-1,-1.0,-0.950012
3746,-1,-1.0,-0.94143146
3747,1,1.0,0.9446112
3748,1,1.0,0.9682695
3749,1,1.0,1.0221786
3750,-1,-1.0,-1.0187156
3751,-1,-1.0,-0.9980708
3752,-1,-1.0,-0.9885519
3753,1,1.0,0.9804615
3754,1,1.0,0.9449423
3755,-1,-1.0,-1.0099425
3756,1,1.0,0.8912937
3757,-1,-1.0,-1.0752684
3758,1,1.0,0.82739544
3759,-1,-1.0,-0.9694877
3760,-1,-1.0,-0.940152
3761,-1,-1.0,-0.92660123
3762,-1,-1.0,-0.9683446
3763,1,1.0,1.006909
3764,1,1.0,1.0019975
3765,-1,-1.0,-1.0140337
3766,-1,-1.0,-0.9278322
3767,-1,-1.0,-0.9302817
3768,-1,-1.0,-0.97738796
3769,1,1.0,0.96723586
3770,-1,-1.0,-1.1354445
3771,1,1.0,0.9715447
3772,1,1.0,1.0465077
3773,1,1.0,1.0535529
3774,1,1.0,1.0389664
3775,-1,-1.0,-1.0747252
3776,1,1.0,0.7159888
3777,-1,-1.0,-0.98877937
3778,1,1.0,1.0577257
3779,1,1.0,1.0037028
3780,-1,-1.0,-1.049172
3781,-1,-1.0,-0.9379731
3782,-1,-1.0,-0.9123493
3783,-1,-1.0,-0.9359668
3784,-1,-1.0,-1.0048711
3785,1,1.0,0.9883644
3786,1,1.0,0.9888869
3787,1,1.0,1.1136985
3788,1,1.0,0.91737336
3789,-1,-1.0,-1.0656931
3790,-1,-1.0,-0.9597135
3791,-1,-1.0,-0.91916186
3792,-1,-1.0,-0.9351104
3793,-1,-1.0,-0.9720338
3794,1,1.0,1.0988334
3795,-1,-1.0,-0.968533
3796,1,1.0,0.5994235
3797,-1,-1.0,-1.574246
3798,1,1.0,1.0322359
3799,1,1.0,0.6792044
3800,-1,-1.0,-1.0143144
3801,-1,-1.0,-1.0154927
3802,1,1.0,0.99871194
3803,1,1.0,0.975221
3804,-1,-1.0,-1.1454232
3805,1,1.0,0.97649807
3806,1,1.0,1.005185
3807,-1,-1.0,-0.9974784
3808,1,1.0,0.929658
3809,1,1.0,0.9615555
3810,-1,-1.0,-0.9507379
3811,1,1.0,0.98989826
3812,1,1.0,0.97260255
3813,1,1.0,1.008019
3814,1,1.0,1.0406263
3815,1,1.0,1.0435308
3816,1,1.0,1.0420768
3817,1,1.0,1.0477331
3818,-1,-1.0,-0.8244639
3819,-1,-1.0,-1.0280662
3820,1,1.0,0.9930314
3821,1,1.0,1.0150406
3822,-1,-1.0,-1.0925392
3823,-1,-1.0,-0.9791879
3824,1,1.0,0.80858064
3825,-1,-1.0,-1.0131803
3826,1,1.0,1.0156255
3827,1,1.0,1.0170717
3828,1,1.0,1.0071788
3829,1,1.0,1.0456566
3830,1,1.0,1.107197
3831,-1,-1.0,-0.97700924
3832,1,1.0,0.96407115
3833,1,1.0,0.9640725
3834,1,1.0,1.0221672
3835,1,1.0,1.0492806
3836,-1,-1.0,-0.8461222
3837,-1,-1.0,-0.97988445
3838,-1,-1.0,-0.9710987
3839,1,1.0,0.94714403
3840,-1,-1.0,-1.0653149
3841,1,1.0,1.0739064
3842,1,1.0,1.00432
3843,-1,-1.0,-0.97327095
3844,-1,-1.0,-0.99187976
3845,1,1.0,0.9671702
3846,-1,-1.0,-1.0484135
3847,1,1.0,0.8320177
3848,1,1.0,1.0090203
3849,-1,-1.0,-0.922337
3850,1,1.0,0.9809664
3851,1,1.0,1.0085237
3852,1,1.0,1.0944546
3853,-1,-1.0,-0.93061596
3854,1,1.0,1.0281789
3855,1,1.0,0.9660741
3856,1,1.0,1.03475
3857,1,1.0,1.0768192
3858,-1,-1.0,-0.9664313
3859,1,1.0,0.69340926
3860,-1,-1.0,-0.9500559
3861,-1,-1.0,-0.93662316
3862,-1,-1.0,-0.9301217
3863,-1,-1.0,-0.9793398
3864,1,1.0,1.0163188
3865,1,1.0,1.0622419
3866,1,1.0,1.0128552
3867,-1,-1.0,-1.1748735
3868,1,1.0,0.9563015
3869,-1,-1.0,-0.98046917
3870,-1,-1.0,-0.98014504
3871,1,1.0,0.847637
3872,-1,-1.0,-1.0041008
3873,-1,-1.0,-0.9467917
3874,-1,-1.0,-0.9129172
3875,-1,-1.0,-0.925849
3876,-1,-1.0,-0.97124106
3877,1,1.0,0.9850146
3878,-1,-1.0,-1.0598565
3879,1,1.0,0.7670283
3880,-1,-1.0,-0.9797446
3881,-1,-1.0,-0.9397238
3882,-1,-1.0,-0.97523504
3883,1,1.0,0.8489051
3884,-1,-1.0,-0.70781106
3885,1,1.0,0.8109991
3886,-1,-1.0,-0.98432857
3887,-1,-1.0,-1.0147183
3888,1,1.0,0.7438799
3889,-1,-1.0,-0.8766083
3890,1,1.0,1.0193012
3891,1,1.0,0.9849356
3892,-1,-1.0,-1.0110003
3893,1,1.0,0.78307146
3894,-1,-1.0,-0.9773864
3895,-1,-1.0,-0.9870036
3896,1,1.0,1.0033534
3897,1,1.0,1.0392082
3898,1,1.0,1.0443625
3899,-1,-1.0,-1.0236282
3900,1,1.0,0.8441056
3901,-1,-1.0,-0.9822102
3902,-1,-1.0,-0.99220353
3903,1,1.0,0.98399717
3904,1,1.0,0.98950726
3905,1,1.0,1.0077292
3906,1,1.0,1.0377418
3907,1,1.0,1.0496557
3908,-1,-1.0,-0.9686615
3909,1,1.0,0.9859757
3910,1,1.0,0.95448357
3911,1,1.0,1.0163474
3912,1,1.0,1.027828
3913,1,1.0,1.0424191
3914,1,1.0,1.1361003
3915,-1,-1.0,-0.8575451
3916,-1,-1.0,-0.9524415
3917,-1,-1.0,-0.97467476
3918,1,1.0,0.9830051
3919,-1,-1.0,-1.0499643
3920,1,1.0,1.0463858
3921,-1,-1.0,-0.9674347
3922,1,1.0,0.99479926
3923,1,1.0,1.0136534
3924,-1,-1.0,-1.0344907
3925,1,1.0,0.9851647
3926,1,1.0,1.0010089
3927,-1,-1.0,-1.1012698
3928,1,1.0,0.33213943
3929,-1,-1.0,-1.0124328
3930,-1,1.0,-0.204993
3931,-1,-1.0,-0.89788085
3932,1,1.0,1.0289204
3933,1,1.0,0.9980008
3934,1,1.0,1.0215266
3935,1,1.0,1.1257191
3936,-1,-1.0,-1.0278169
3937,1,1.0,0.6305827
3938,-1,-1.0,-1.0625573
3939,1,1.0,1.0275482
3940,-1,-1.0,-0.99606806
3941,-1,-1.0,-0.9788961
3942,1,1.0,1.0293826
3943,-1,-1.0,-0.8417906
3944,1,1.0,0.70063937
3945,-1,-1.0,-0.09144546
3946,1,1.0,0.8628459
3947,-1,-1.0,-0.9893984
3948,-1,-1.0,-0.9829485
3949,1,1.0,0.9119993
3950,-1,-1.0,-0.65147334
3951,1,1.0,0.81747675
3952,-1,-1.0,-0.98836035
3953,-1,-1.0,-0.97822267
3954,1,1.0,0.9627322
3955,1,1.0,1.0058048
3956,1,1.0,1.0422465
3957,1,1.0,1.0374815
3958,-1,-1.0,-0.96978456
3959,-1,-1.0,-0.9854985
3960,-1,-1.0,-0.9875477
3961,1,1.0,1.0053259
3962,1,1.0,1.0164015
3963,-1,-1.0,-1.0623271
3964,-1,-1.0,-1.0162339
3965,1,1.0,0.9549027
3966,1,1.0,1.0171001
3967,1,1.0,1.034563
3968,-1,-1.0,-1.0259839
3969,1,1.0,0.87076163
3970,-1,-1.0,-0.9719451
3971,-1,-1.0,-0.94049484
3972,-1,-1.0,-0.9323383
3973,-1,-1.0,-0.9700671
3974,1,1.0,0.95788187
3975,-1,-1.0,-1.001019
3976,-1,-1.0,-1.0216377
3977,1,1.0,1.013142
3978,1,1.0,0.98033726
3979,1,1.0,1.0849407
3980,1,1.0,1.037768
3981,1,1.0,1.0681293
3982,1,1.0,1.0355536
3983,-1,-1.0,-0.86040026
3984,-1,-1.0,-0.985081
3985,1,1.0,1.0792696
3986,-1,-1.0,-0.9891122
3987,-1,-1.0,-0.95426184
3988,-1,-1.0,-0.96793634
3989,1,1.0,0.92645407
3990,-1,-1.0,-0.98670965
3991,-1,-1.0,-0.9831813
3992,1,1.0,0.9969605
3993,1,1.0,0.9910397
3994,-1,-1.0,-1.0929126
3995,1,1.0,1.2038217
3996,-1,-1.0,-1.008459
3997,-1,-1.0,-0.9993554
3998,1,1.0,0.97614175
